Dir_path,Flair_path,normal_path,tumor_path
/DATA/BraTS2018/MICCAI_BraTS_2018_Data_Training/HGG/Brats18_2013_11_1,/DATA/BraTS2018/MICCAI_BraTS_2018_Data_Training/HGG/Brats18_2013_11_1/Brats18_2013_11_1_flair.nii.gz,/DATA/BraTS2018/Data_gen/Brats18_2013_11_1/Brats18_2013_11_1_flair_normal.nii.gz,/DATA/BraTS2018/Data_gen/Brats18_2013_11_1/Brats18_2013_11_1_whole_tumor.nii.gz
/DATA/BraTS2018/MICCAI_BraTS_2018_Data_Training/HGG/Brats18_2013_12_1,/DATA/BraTS2018/MICCAI_BraTS_2018_Data_Training/HGG/Brats18_2013_12_1/Brats18_2013_12_1_flair.nii.gz,/DATA/BraTS2018/Data_gen/Brats18_2013_12_1/Brats18_2013_12_1_flair_normal.nii.gz,/DATA/BraTS2018/Data_gen/Brats18_2013_12_1/Brats18_2013_12_1_whole_tumor.nii.gz
/DATA/BraTS2018/MICCAI_BraTS_2018_Data_Training/HGG/Brats18_2013_13_1,/DATA/BraTS2018/MICCAI_BraTS_2018_Data_Training/HGG/Brats18_2013_13_1/Brats18_2013_13_1_flair.nii.gz,/DATA/BraTS2018/Data_gen/Brats18_2013_13_1/Brats18_2013_13_1_flair_normal.nii.gz,/DATA/BraTS2018/Data_gen/Brats18_2013_13_1/Brats18_2013_13_1_whole_tumor.nii.gz
/DATA/BraTS2018/MICCAI_BraTS_2018_Data_Training/HGG/Brats18_2013_14_1,/DATA/BraTS2018/MICCAI_BraTS_2018_Data_Training/HGG/Brats18_2013_14_1/Brats18_2013_14_1_flair.nii.gz,/DATA/BraTS2018/Data_gen/Brats18_2013_14_1/Brats18_2013_14_1_flair_normal.nii.gz,/DATA/BraTS2018/Data_gen/Brats18_2013_14_1/Brats18_2013_14_1_whole_tumor.nii.gz
/DATA/BraTS2018/MICCAI_BraTS_2018_Data_Training/HGG/Brats18_2013_18_1,/DATA/BraTS2018/MICCAI_BraTS_2018_Data_Training/HGG/Brats18_2013_18_1/Brats18_2013_18_1_flair.nii.gz,/DATA/BraTS2018/Data_gen/Brats18_2013_18_1/Brats18_2013_18_1_flair_normal.nii.gz,/DATA/BraTS2018/Data_gen/Brats18_2013_18_1/Brats18_2013_18_1_whole_tumor.nii.gz
/DATA/BraTS2018/MICCAI_BraTS_2018_Data_Training/HGG/Brats18_2013_19_1,/DATA/BraTS2018/MICCAI_BraTS_2018_Data_Training/HGG/Brats18_2013_19_1/Brats18_2013_19_1_flair.nii.gz,/DATA/BraTS2018/Data_gen/Brats18_2013_19_1/Brats18_2013_19_1_flair_normal.nii.gz,/DATA/BraTS2018/Data_gen/Brats18_2013_19_1/Brats18_2013_19_1_whole_tumor.nii.gz
/DATA/BraTS2018/MICCAI_BraTS_2018_Data_Training/HGG/Brats18_2013_20_1,/DATA/BraTS2018/MICCAI_BraTS_2018_Data_Training/HGG/Brats18_2013_20_1/Brats18_2013_20_1_flair.nii.gz,/DATA/BraTS2018/Data_gen/Brats18_2013_20_1/Brats18_2013_20_1_flair_normal.nii.gz,/DATA/BraTS2018/Data_gen/Brats18_2013_20_1/Brats18_2013_20_1_whole_tumor.nii.gz
/DATA/BraTS2018/MICCAI_BraTS_2018_Data_Training/HGG/Brats18_2013_21_1,/DATA/BraTS2018/MICCAI_BraTS_2018_Data_Training/HGG/Brats18_2013_21_1/Brats18_2013_21_1_flair.nii.gz,/DATA/BraTS2018/Data_gen/Brats18_2013_21_1/Brats18_2013_21_1_flair_normal.nii.gz,/DATA/BraTS2018/Data_gen/Brats18_2013_21_1/Brats18_2013_21_1_whole_tumor.nii.gz
/DATA/BraTS2018/MICCAI_BraTS_2018_Data_Training/HGG/Brats18_2013_23_1,/DATA/BraTS2018/MICCAI_BraTS_2018_Data_Training/HGG/Brats18_2013_23_1/Brats18_2013_23_1_flair.nii.gz,/DATA/BraTS2018/Data_gen/Brats18_2013_23_1/Brats18_2013_23_1_flair_normal.nii.gz,/DATA/BraTS2018/Data_gen/Brats18_2013_23_1/Brats18_2013_23_1_whole_tumor.nii.gz
/DATA/BraTS2018/MICCAI_BraTS_2018_Data_Training/HGG/Brats18_2013_25_1,/DATA/BraTS2018/MICCAI_BraTS_2018_Data_Training/HGG/Brats18_2013_25_1/Brats18_2013_25_1_flair.nii.gz,/DATA/BraTS2018/Data_gen/Brats18_2013_25_1/Brats18_2013_25_1_flair_normal.nii.gz,/DATA/BraTS2018/Data_gen/Brats18_2013_25_1/Brats18_2013_25_1_whole_tumor.nii.gz
/DATA/BraTS2018/MICCAI_BraTS_2018_Data_Training/HGG/Brats18_2013_26_1,/DATA/BraTS2018/MICCAI_BraTS_2018_Data_Training/HGG/Brats18_2013_26_1/Brats18_2013_26_1_flair.nii.gz,/DATA/BraTS2018/Data_gen/Brats18_2013_26_1/Brats18_2013_26_1_flair_normal.nii.gz,/DATA/BraTS2018/Data_gen/Brats18_2013_26_1/Brats18_2013_26_1_whole_tumor.nii.gz
/DATA/BraTS2018/MICCAI_BraTS_2018_Data_Training/HGG/Brats18_2013_27_1,/DATA/BraTS2018/MICCAI_BraTS_2018_Data_Training/HGG/Brats18_2013_27_1/Brats18_2013_27_1_flair.nii.gz,/DATA/BraTS2018/Data_gen/Brats18_2013_27_1/Brats18_2013_27_1_flair_normal.nii.gz,/DATA/BraTS2018/Data_gen/Brats18_2013_27_1/Brats18_2013_27_1_whole_tumor.nii.gz
/DATA/BraTS2018/MICCAI_BraTS_2018_Data_Training/HGG/Brats18_2013_3_1,/DATA/BraTS2018/MICCAI_BraTS_2018_Data_Training/HGG/Brats18_2013_3_1/Brats18_2013_3_1_flair.nii.gz,/DATA/BraTS2018/Data_gen/Brats18_2013_3_1/Brats18_2013_3_1_flair_normal.nii.gz,/DATA/BraTS2018/Data_gen/Brats18_2013_3_1/Brats18_2013_3_1_whole_tumor.nii.gz
/DATA/BraTS2018/MICCAI_BraTS_2018_Data_Training/HGG/Brats18_2013_4_1,/DATA/BraTS2018/MICCAI_BraTS_2018_Data_Training/HGG/Brats18_2013_4_1/Brats18_2013_4_1_flair.nii.gz,/DATA/BraTS2018/Data_gen/Brats18_2013_4_1/Brats18_2013_4_1_flair_normal.nii.gz,/DATA/BraTS2018/Data_gen/Brats18_2013_4_1/Brats18_2013_4_1_whole_tumor.nii.gz
/DATA/BraTS2018/MICCAI_BraTS_2018_Data_Training/HGG/Brats18_2013_5_1,/DATA/BraTS2018/MICCAI_BraTS_2018_Data_Training/HGG/Brats18_2013_5_1/Brats18_2013_5_1_flair.nii.gz,/DATA/BraTS2018/Data_gen/Brats18_2013_5_1/Brats18_2013_5_1_flair_normal.nii.gz,/DATA/BraTS2018/Data_gen/Brats18_2013_5_1/Brats18_2013_5_1_whole_tumor.nii.gz
/DATA/BraTS2018/MICCAI_BraTS_2018_Data_Training/HGG/Brats18_2013_7_1,/DATA/BraTS2018/MICCAI_BraTS_2018_Data_Training/HGG/Brats18_2013_7_1/Brats18_2013_7_1_flair.nii.gz,/DATA/BraTS2018/Data_gen/Brats18_2013_7_1/Brats18_2013_7_1_flair_normal.nii.gz,/DATA/BraTS2018/Data_gen/Brats18_2013_7_1/Brats18_2013_7_1_whole_tumor.nii.gz
/DATA/BraTS2018/MICCAI_BraTS_2018_Data_Training/HGG/Brats18_CBICA_AAG_1,/DATA/BraTS2018/MICCAI_BraTS_2018_Data_Training/HGG/Brats18_CBICA_AAG_1/Brats18_CBICA_AAG_1_flair.nii.gz,/DATA/BraTS2018/Data_gen/Brats18_CBICA_AAG_1/Brats18_CBICA_AAG_1_flair_normal.nii.gz,/DATA/BraTS2018/Data_gen/Brats18_CBICA_AAG_1/Brats18_CBICA_AAG_1_whole_tumor.nii.gz
/DATA/BraTS2018/MICCAI_BraTS_2018_Data_Training/HGG/Brats18_CBICA_AAL_1,/DATA/BraTS2018/MICCAI_BraTS_2018_Data_Training/HGG/Brats18_CBICA_AAL_1/Brats18_CBICA_AAL_1_flair.nii.gz,/DATA/BraTS2018/Data_gen/Brats18_CBICA_AAL_1/Brats18_CBICA_AAL_1_flair_normal.nii.gz,/DATA/BraTS2018/Data_gen/Brats18_CBICA_AAL_1/Brats18_CBICA_AAL_1_whole_tumor.nii.gz
/DATA/BraTS2018/MICCAI_BraTS_2018_Data_Training/HGG/Brats18_CBICA_AAP_1,/DATA/BraTS2018/MICCAI_BraTS_2018_Data_Training/HGG/Brats18_CBICA_AAP_1/Brats18_CBICA_AAP_1_flair.nii.gz,/DATA/BraTS2018/Data_gen/Brats18_CBICA_AAP_1/Brats18_CBICA_AAP_1_flair_normal.nii.gz,/DATA/BraTS2018/Data_gen/Brats18_CBICA_AAP_1/Brats18_CBICA_AAP_1_whole_tumor.nii.gz
/DATA/BraTS2018/MICCAI_BraTS_2018_Data_Training/HGG/Brats18_CBICA_ABB_1,/DATA/BraTS2018/MICCAI_BraTS_2018_Data_Training/HGG/Brats18_CBICA_ABB_1/Brats18_CBICA_ABB_1_flair.nii.gz,/DATA/BraTS2018/Data_gen/Brats18_CBICA_ABB_1/Brats18_CBICA_ABB_1_flair_normal.nii.gz,/DATA/BraTS2018/Data_gen/Brats18_CBICA_ABB_1/Brats18_CBICA_ABB_1_whole_tumor.nii.gz
/DATA/BraTS2018/MICCAI_BraTS_2018_Data_Training/HGG/Brats18_CBICA_ABM_1,/DATA/BraTS2018/MICCAI_BraTS_2018_Data_Training/HGG/Brats18_CBICA_ABM_1/Brats18_CBICA_ABM_1_flair.nii.gz,/DATA/BraTS2018/Data_gen/Brats18_CBICA_ABM_1/Brats18_CBICA_ABM_1_flair_normal.nii.gz,/DATA/BraTS2018/Data_gen/Brats18_CBICA_ABM_1/Brats18_CBICA_ABM_1_whole_tumor.nii.gz
/DATA/BraTS2018/MICCAI_BraTS_2018_Data_Training/HGG/Brats18_CBICA_ABN_1,/DATA/BraTS2018/MICCAI_BraTS_2018_Data_Training/HGG/Brats18_CBICA_ABN_1/Brats18_CBICA_ABN_1_flair.nii.gz,/DATA/BraTS2018/Data_gen/Brats18_CBICA_ABN_1/Brats18_CBICA_ABN_1_flair_normal.nii.gz,/DATA/BraTS2018/Data_gen/Brats18_CBICA_ABN_1/Brats18_CBICA_ABN_1_whole_tumor.nii.gz
/DATA/BraTS2018/MICCAI_BraTS_2018_Data_Training/HGG/Brats18_CBICA_ABO_1,/DATA/BraTS2018/MICCAI_BraTS_2018_Data_Training/HGG/Brats18_CBICA_ABO_1/Brats18_CBICA_ABO_1_flair.nii.gz,/DATA/BraTS2018/Data_gen/Brats18_CBICA_ABO_1/Brats18_CBICA_ABO_1_flair_normal.nii.gz,/DATA/BraTS2018/Data_gen/Brats18_CBICA_ABO_1/Brats18_CBICA_ABO_1_whole_tumor.nii.gz
/DATA/BraTS2018/MICCAI_BraTS_2018_Data_Training/HGG/Brats18_CBICA_ABY_1,/DATA/BraTS2018/MICCAI_BraTS_2018_Data_Training/HGG/Brats18_CBICA_ABY_1/Brats18_CBICA_ABY_1_flair.nii.gz,/DATA/BraTS2018/Data_gen/Brats18_CBICA_ABY_1/Brats18_CBICA_ABY_1_flair_normal.nii.gz,/DATA/BraTS2018/Data_gen/Brats18_CBICA_ABY_1/Brats18_CBICA_ABY_1_whole_tumor.nii.gz
/DATA/BraTS2018/MICCAI_BraTS_2018_Data_Training/HGG/Brats18_CBICA_ALU_1,/DATA/BraTS2018/MICCAI_BraTS_2018_Data_Training/HGG/Brats18_CBICA_ALU_1/Brats18_CBICA_ALU_1_flair.nii.gz,/DATA/BraTS2018/Data_gen/Brats18_CBICA_ALU_1/Brats18_CBICA_ALU_1_flair_normal.nii.gz,/DATA/BraTS2018/Data_gen/Brats18_CBICA_ALU_1/Brats18_CBICA_ALU_1_whole_tumor.nii.gz
/DATA/BraTS2018/MICCAI_BraTS_2018_Data_Training/HGG/Brats18_CBICA_ALX_1,/DATA/BraTS2018/MICCAI_BraTS_2018_Data_Training/HGG/Brats18_CBICA_ALX_1/Brats18_CBICA_ALX_1_flair.nii.gz,/DATA/BraTS2018/Data_gen/Brats18_CBICA_ALX_1/Brats18_CBICA_ALX_1_flair_normal.nii.gz,/DATA/BraTS2018/Data_gen/Brats18_CBICA_ALX_1/Brats18_CBICA_ALX_1_whole_tumor.nii.gz
/DATA/BraTS2018/MICCAI_BraTS_2018_Data_Training/HGG/Brats18_CBICA_AME_1,/DATA/BraTS2018/MICCAI_BraTS_2018_Data_Training/HGG/Brats18_CBICA_AME_1/Brats18_CBICA_AME_1_flair.nii.gz,/DATA/BraTS2018/Data_gen/Brats18_CBICA_AME_1/Brats18_CBICA_AME_1_flair_normal.nii.gz,/DATA/BraTS2018/Data_gen/Brats18_CBICA_AME_1/Brats18_CBICA_AME_1_whole_tumor.nii.gz
/DATA/BraTS2018/MICCAI_BraTS_2018_Data_Training/HGG/Brats18_CBICA_AMH_1,/DATA/BraTS2018/MICCAI_BraTS_2018_Data_Training/HGG/Brats18_CBICA_AMH_1/Brats18_CBICA_AMH_1_flair.nii.gz,/DATA/BraTS2018/Data_gen/Brats18_CBICA_AMH_1/Brats18_CBICA_AMH_1_flair_normal.nii.gz,/DATA/BraTS2018/Data_gen/Brats18_CBICA_AMH_1/Brats18_CBICA_AMH_1_whole_tumor.nii.gz
/DATA/BraTS2018/MICCAI_BraTS_2018_Data_Training/HGG/Brats18_CBICA_ANI_1,/DATA/BraTS2018/MICCAI_BraTS_2018_Data_Training/HGG/Brats18_CBICA_ANI_1/Brats18_CBICA_ANI_1_flair.nii.gz,/DATA/BraTS2018/Data_gen/Brats18_CBICA_ANI_1/Brats18_CBICA_ANI_1_flair_normal.nii.gz,/DATA/BraTS2018/Data_gen/Brats18_CBICA_ANI_1/Brats18_CBICA_ANI_1_whole_tumor.nii.gz
/DATA/BraTS2018/MICCAI_BraTS_2018_Data_Training/HGG/Brats18_CBICA_ANP_1,/DATA/BraTS2018/MICCAI_BraTS_2018_Data_Training/HGG/Brats18_CBICA_ANP_1/Brats18_CBICA_ANP_1_flair.nii.gz,/DATA/BraTS2018/Data_gen/Brats18_CBICA_ANP_1/Brats18_CBICA_ANP_1_flair_normal.nii.gz,/DATA/BraTS2018/Data_gen/Brats18_CBICA_ANP_1/Brats18_CBICA_ANP_1_whole_tumor.nii.gz
/DATA/BraTS2018/MICCAI_BraTS_2018_Data_Training/HGG/Brats18_CBICA_ANZ_1,/DATA/BraTS2018/MICCAI_BraTS_2018_Data_Training/HGG/Brats18_CBICA_ANZ_1/Brats18_CBICA_ANZ_1_flair.nii.gz,/DATA/BraTS2018/Data_gen/Brats18_CBICA_ANZ_1/Brats18_CBICA_ANZ_1_flair_normal.nii.gz,/DATA/BraTS2018/Data_gen/Brats18_CBICA_ANZ_1/Brats18_CBICA_ANZ_1_whole_tumor.nii.gz
/DATA/BraTS2018/MICCAI_BraTS_2018_Data_Training/HGG/Brats18_CBICA_AOD_1,/DATA/BraTS2018/MICCAI_BraTS_2018_Data_Training/HGG/Brats18_CBICA_AOD_1/Brats18_CBICA_AOD_1_flair.nii.gz,/DATA/BraTS2018/Data_gen/Brats18_CBICA_AOD_1/Brats18_CBICA_AOD_1_flair_normal.nii.gz,/DATA/BraTS2018/Data_gen/Brats18_CBICA_AOD_1/Brats18_CBICA_AOD_1_whole_tumor.nii.gz
/DATA/BraTS2018/MICCAI_BraTS_2018_Data_Training/HGG/Brats18_CBICA_AOO_1,/DATA/BraTS2018/MICCAI_BraTS_2018_Data_Training/HGG/Brats18_CBICA_AOO_1/Brats18_CBICA_AOO_1_flair.nii.gz,/DATA/BraTS2018/Data_gen/Brats18_CBICA_AOO_1/Brats18_CBICA_AOO_1_flair_normal.nii.gz,/DATA/BraTS2018/Data_gen/Brats18_CBICA_AOO_1/Brats18_CBICA_AOO_1_whole_tumor.nii.gz
/DATA/BraTS2018/MICCAI_BraTS_2018_Data_Training/HGG/Brats18_CBICA_AOP_1,/DATA/BraTS2018/MICCAI_BraTS_2018_Data_Training/HGG/Brats18_CBICA_AOP_1/Brats18_CBICA_AOP_1_flair.nii.gz,/DATA/BraTS2018/Data_gen/Brats18_CBICA_AOP_1/Brats18_CBICA_AOP_1_flair_normal.nii.gz,/DATA/BraTS2018/Data_gen/Brats18_CBICA_AOP_1/Brats18_CBICA_AOP_1_whole_tumor.nii.gz
/DATA/BraTS2018/MICCAI_BraTS_2018_Data_Training/HGG/Brats18_CBICA_AOZ_1,/DATA/BraTS2018/MICCAI_BraTS_2018_Data_Training/HGG/Brats18_CBICA_AOZ_1/Brats18_CBICA_AOZ_1_flair.nii.gz,/DATA/BraTS2018/Data_gen/Brats18_CBICA_AOZ_1/Brats18_CBICA_AOZ_1_flair_normal.nii.gz,/DATA/BraTS2018/Data_gen/Brats18_CBICA_AOZ_1/Brats18_CBICA_AOZ_1_whole_tumor.nii.gz
/DATA/BraTS2018/MICCAI_BraTS_2018_Data_Training/HGG/Brats18_CBICA_APR_1,/DATA/BraTS2018/MICCAI_BraTS_2018_Data_Training/HGG/Brats18_CBICA_APR_1/Brats18_CBICA_APR_1_flair.nii.gz,/DATA/BraTS2018/Data_gen/Brats18_CBICA_APR_1/Brats18_CBICA_APR_1_flair_normal.nii.gz,/DATA/BraTS2018/Data_gen/Brats18_CBICA_APR_1/Brats18_CBICA_APR_1_whole_tumor.nii.gz
/DATA/BraTS2018/MICCAI_BraTS_2018_Data_Training/HGG/Brats18_CBICA_APZ_1,/DATA/BraTS2018/MICCAI_BraTS_2018_Data_Training/HGG/Brats18_CBICA_APZ_1/Brats18_CBICA_APZ_1_flair.nii.gz,/DATA/BraTS2018/Data_gen/Brats18_CBICA_APZ_1/Brats18_CBICA_APZ_1_flair_normal.nii.gz,/DATA/BraTS2018/Data_gen/Brats18_CBICA_APZ_1/Brats18_CBICA_APZ_1_whole_tumor.nii.gz
/DATA/BraTS2018/MICCAI_BraTS_2018_Data_Training/HGG/Brats18_CBICA_AQA_1,/DATA/BraTS2018/MICCAI_BraTS_2018_Data_Training/HGG/Brats18_CBICA_AQA_1/Brats18_CBICA_AQA_1_flair.nii.gz,/DATA/BraTS2018/Data_gen/Brats18_CBICA_AQA_1/Brats18_CBICA_AQA_1_flair_normal.nii.gz,/DATA/BraTS2018/Data_gen/Brats18_CBICA_AQA_1/Brats18_CBICA_AQA_1_whole_tumor.nii.gz
/DATA/BraTS2018/MICCAI_BraTS_2018_Data_Training/HGG/Brats18_CBICA_AQD_1,/DATA/BraTS2018/MICCAI_BraTS_2018_Data_Training/HGG/Brats18_CBICA_AQD_1/Brats18_CBICA_AQD_1_flair.nii.gz,/DATA/BraTS2018/Data_gen/Brats18_CBICA_AQD_1/Brats18_CBICA_AQD_1_flair_normal.nii.gz,/DATA/BraTS2018/Data_gen/Brats18_CBICA_AQD_1/Brats18_CBICA_AQD_1_whole_tumor.nii.gz
/DATA/BraTS2018/MICCAI_BraTS_2018_Data_Training/HGG/Brats18_CBICA_AQG_1,/DATA/BraTS2018/MICCAI_BraTS_2018_Data_Training/HGG/Brats18_CBICA_AQG_1/Brats18_CBICA_AQG_1_flair.nii.gz,/DATA/BraTS2018/Data_gen/Brats18_CBICA_AQG_1/Brats18_CBICA_AQG_1_flair_normal.nii.gz,/DATA/BraTS2018/Data_gen/Brats18_CBICA_AQG_1/Brats18_CBICA_AQG_1_whole_tumor.nii.gz
/DATA/BraTS2018/MICCAI_BraTS_2018_Data_Training/HGG/Brats18_CBICA_AQN_1,/DATA/BraTS2018/MICCAI_BraTS_2018_Data_Training/HGG/Brats18_CBICA_AQN_1/Brats18_CBICA_AQN_1_flair.nii.gz,/DATA/BraTS2018/Data_gen/Brats18_CBICA_AQN_1/Brats18_CBICA_AQN_1_flair_normal.nii.gz,/DATA/BraTS2018/Data_gen/Brats18_CBICA_AQN_1/Brats18_CBICA_AQN_1_whole_tumor.nii.gz
/DATA/BraTS2018/MICCAI_BraTS_2018_Data_Training/HGG/Brats18_CBICA_AQO_1,/DATA/BraTS2018/MICCAI_BraTS_2018_Data_Training/HGG/Brats18_CBICA_AQO_1/Brats18_CBICA_AQO_1_flair.nii.gz,/DATA/BraTS2018/Data_gen/Brats18_CBICA_AQO_1/Brats18_CBICA_AQO_1_flair_normal.nii.gz,/DATA/BraTS2018/Data_gen/Brats18_CBICA_AQO_1/Brats18_CBICA_AQO_1_whole_tumor.nii.gz
/DATA/BraTS2018/MICCAI_BraTS_2018_Data_Training/HGG/Brats18_CBICA_AQP_1,/DATA/BraTS2018/MICCAI_BraTS_2018_Data_Training/HGG/Brats18_CBICA_AQP_1/Brats18_CBICA_AQP_1_flair.nii.gz,/DATA/BraTS2018/Data_gen/Brats18_CBICA_AQP_1/Brats18_CBICA_AQP_1_flair_normal.nii.gz,/DATA/BraTS2018/Data_gen/Brats18_CBICA_AQP_1/Brats18_CBICA_AQP_1_whole_tumor.nii.gz
/DATA/BraTS2018/MICCAI_BraTS_2018_Data_Training/HGG/Brats18_CBICA_AQQ_1,/DATA/BraTS2018/MICCAI_BraTS_2018_Data_Training/HGG/Brats18_CBICA_AQQ_1/Brats18_CBICA_AQQ_1_flair.nii.gz,/DATA/BraTS2018/Data_gen/Brats18_CBICA_AQQ_1/Brats18_CBICA_AQQ_1_flair_normal.nii.gz,/DATA/BraTS2018/Data_gen/Brats18_CBICA_AQQ_1/Brats18_CBICA_AQQ_1_whole_tumor.nii.gz
/DATA/BraTS2018/MICCAI_BraTS_2018_Data_Training/HGG/Brats18_CBICA_AQT_1,/DATA/BraTS2018/MICCAI_BraTS_2018_Data_Training/HGG/Brats18_CBICA_AQT_1/Brats18_CBICA_AQT_1_flair.nii.gz,/DATA/BraTS2018/Data_gen/Brats18_CBICA_AQT_1/Brats18_CBICA_AQT_1_flair_normal.nii.gz,/DATA/BraTS2018/Data_gen/Brats18_CBICA_AQT_1/Brats18_CBICA_AQT_1_whole_tumor.nii.gz
/DATA/BraTS2018/MICCAI_BraTS_2018_Data_Training/HGG/Brats18_CBICA_AQU_1,/DATA/BraTS2018/MICCAI_BraTS_2018_Data_Training/HGG/Brats18_CBICA_AQU_1/Brats18_CBICA_AQU_1_flair.nii.gz,/DATA/BraTS2018/Data_gen/Brats18_CBICA_AQU_1/Brats18_CBICA_AQU_1_flair_normal.nii.gz,/DATA/BraTS2018/Data_gen/Brats18_CBICA_AQU_1/Brats18_CBICA_AQU_1_whole_tumor.nii.gz
/DATA/BraTS2018/MICCAI_BraTS_2018_Data_Training/HGG/Brats18_CBICA_AQV_1,/DATA/BraTS2018/MICCAI_BraTS_2018_Data_Training/HGG/Brats18_CBICA_AQV_1/Brats18_CBICA_AQV_1_flair.nii.gz,/DATA/BraTS2018/Data_gen/Brats18_CBICA_AQV_1/Brats18_CBICA_AQV_1_flair_normal.nii.gz,/DATA/BraTS2018/Data_gen/Brats18_CBICA_AQV_1/Brats18_CBICA_AQV_1_whole_tumor.nii.gz
/DATA/BraTS2018/MICCAI_BraTS_2018_Data_Training/HGG/Brats18_CBICA_AQY_1,/DATA/BraTS2018/MICCAI_BraTS_2018_Data_Training/HGG/Brats18_CBICA_AQY_1/Brats18_CBICA_AQY_1_flair.nii.gz,/DATA/BraTS2018/Data_gen/Brats18_CBICA_AQY_1/Brats18_CBICA_AQY_1_flair_normal.nii.gz,/DATA/BraTS2018/Data_gen/Brats18_CBICA_AQY_1/Brats18_CBICA_AQY_1_whole_tumor.nii.gz
/DATA/BraTS2018/MICCAI_BraTS_2018_Data_Training/HGG/Brats18_CBICA_ARF_1,/DATA/BraTS2018/MICCAI_BraTS_2018_Data_Training/HGG/Brats18_CBICA_ARF_1/Brats18_CBICA_ARF_1_flair.nii.gz,/DATA/BraTS2018/Data_gen/Brats18_CBICA_ARF_1/Brats18_CBICA_ARF_1_flair_normal.nii.gz,/DATA/BraTS2018/Data_gen/Brats18_CBICA_ARF_1/Brats18_CBICA_ARF_1_whole_tumor.nii.gz
/DATA/BraTS2018/MICCAI_BraTS_2018_Data_Training/HGG/Brats18_CBICA_ARW_1,/DATA/BraTS2018/MICCAI_BraTS_2018_Data_Training/HGG/Brats18_CBICA_ARW_1/Brats18_CBICA_ARW_1_flair.nii.gz,/DATA/BraTS2018/Data_gen/Brats18_CBICA_ARW_1/Brats18_CBICA_ARW_1_flair_normal.nii.gz,/DATA/BraTS2018/Data_gen/Brats18_CBICA_ARW_1/Brats18_CBICA_ARW_1_whole_tumor.nii.gz
/DATA/BraTS2018/MICCAI_BraTS_2018_Data_Training/HGG/Brats18_CBICA_ARZ_1,/DATA/BraTS2018/MICCAI_BraTS_2018_Data_Training/HGG/Brats18_CBICA_ARZ_1/Brats18_CBICA_ARZ_1_flair.nii.gz,/DATA/BraTS2018/Data_gen/Brats18_CBICA_ARZ_1/Brats18_CBICA_ARZ_1_flair_normal.nii.gz,/DATA/BraTS2018/Data_gen/Brats18_CBICA_ARZ_1/Brats18_CBICA_ARZ_1_whole_tumor.nii.gz
/DATA/BraTS2018/MICCAI_BraTS_2018_Data_Training/HGG/Brats18_CBICA_ASA_1,/DATA/BraTS2018/MICCAI_BraTS_2018_Data_Training/HGG/Brats18_CBICA_ASA_1/Brats18_CBICA_ASA_1_flair.nii.gz,/DATA/BraTS2018/Data_gen/Brats18_CBICA_ASA_1/Brats18_CBICA_ASA_1_flair_normal.nii.gz,/DATA/BraTS2018/Data_gen/Brats18_CBICA_ASA_1/Brats18_CBICA_ASA_1_whole_tumor.nii.gz
/DATA/BraTS2018/MICCAI_BraTS_2018_Data_Training/HGG/Brats18_CBICA_ASG_1,/DATA/BraTS2018/MICCAI_BraTS_2018_Data_Training/HGG/Brats18_CBICA_ASG_1/Brats18_CBICA_ASG_1_flair.nii.gz,/DATA/BraTS2018/Data_gen/Brats18_CBICA_ASG_1/Brats18_CBICA_ASG_1_flair_normal.nii.gz,/DATA/BraTS2018/Data_gen/Brats18_CBICA_ASG_1/Brats18_CBICA_ASG_1_whole_tumor.nii.gz
/DATA/BraTS2018/MICCAI_BraTS_2018_Data_Training/HGG/Brats18_CBICA_ASH_1,/DATA/BraTS2018/MICCAI_BraTS_2018_Data_Training/HGG/Brats18_CBICA_ASH_1/Brats18_CBICA_ASH_1_flair.nii.gz,/DATA/BraTS2018/Data_gen/Brats18_CBICA_ASH_1/Brats18_CBICA_ASH_1_flair_normal.nii.gz,/DATA/BraTS2018/Data_gen/Brats18_CBICA_ASH_1/Brats18_CBICA_ASH_1_whole_tumor.nii.gz
/DATA/BraTS2018/MICCAI_BraTS_2018_Data_Training/HGG/Brats18_CBICA_ASK_1,/DATA/BraTS2018/MICCAI_BraTS_2018_Data_Training/HGG/Brats18_CBICA_ASK_1/Brats18_CBICA_ASK_1_flair.nii.gz,/DATA/BraTS2018/Data_gen/Brats18_CBICA_ASK_1/Brats18_CBICA_ASK_1_flair_normal.nii.gz,/DATA/BraTS2018/Data_gen/Brats18_CBICA_ASK_1/Brats18_CBICA_ASK_1_whole_tumor.nii.gz
/DATA/BraTS2018/MICCAI_BraTS_2018_Data_Training/HGG/Brats18_CBICA_ASN_1,/DATA/BraTS2018/MICCAI_BraTS_2018_Data_Training/HGG/Brats18_CBICA_ASN_1/Brats18_CBICA_ASN_1_flair.nii.gz,/DATA/BraTS2018/Data_gen/Brats18_CBICA_ASN_1/Brats18_CBICA_ASN_1_flair_normal.nii.gz,/DATA/BraTS2018/Data_gen/Brats18_CBICA_ASN_1/Brats18_CBICA_ASN_1_whole_tumor.nii.gz
/DATA/BraTS2018/MICCAI_BraTS_2018_Data_Training/HGG/Brats18_CBICA_ASU_1,/DATA/BraTS2018/MICCAI_BraTS_2018_Data_Training/HGG/Brats18_CBICA_ASU_1/Brats18_CBICA_ASU_1_flair.nii.gz,/DATA/BraTS2018/Data_gen/Brats18_CBICA_ASU_1/Brats18_CBICA_ASU_1_flair_normal.nii.gz,/DATA/BraTS2018/Data_gen/Brats18_CBICA_ASU_1/Brats18_CBICA_ASU_1_whole_tumor.nii.gz
/DATA/BraTS2018/MICCAI_BraTS_2018_Data_Training/HGG/Brats18_CBICA_ASV_1,/DATA/BraTS2018/MICCAI_BraTS_2018_Data_Training/HGG/Brats18_CBICA_ASV_1/Brats18_CBICA_ASV_1_flair.nii.gz,/DATA/BraTS2018/Data_gen/Brats18_CBICA_ASV_1/Brats18_CBICA_ASV_1_flair_normal.nii.gz,/DATA/BraTS2018/Data_gen/Brats18_CBICA_ASV_1/Brats18_CBICA_ASV_1_whole_tumor.nii.gz
/DATA/BraTS2018/MICCAI_BraTS_2018_Data_Training/HGG/Brats18_CBICA_ASW_1,/DATA/BraTS2018/MICCAI_BraTS_2018_Data_Training/HGG/Brats18_CBICA_ASW_1/Brats18_CBICA_ASW_1_flair.nii.gz,/DATA/BraTS2018/Data_gen/Brats18_CBICA_ASW_1/Brats18_CBICA_ASW_1_flair_normal.nii.gz,/DATA/BraTS2018/Data_gen/Brats18_CBICA_ASW_1/Brats18_CBICA_ASW_1_whole_tumor.nii.gz
/DATA/BraTS2018/MICCAI_BraTS_2018_Data_Training/HGG/Brats18_CBICA_ASY_1,/DATA/BraTS2018/MICCAI_BraTS_2018_Data_Training/HGG/Brats18_CBICA_ASY_1/Brats18_CBICA_ASY_1_flair.nii.gz,/DATA/BraTS2018/Data_gen/Brats18_CBICA_ASY_1/Brats18_CBICA_ASY_1_flair_normal.nii.gz,/DATA/BraTS2018/Data_gen/Brats18_CBICA_ASY_1/Brats18_CBICA_ASY_1_whole_tumor.nii.gz
/DATA/BraTS2018/MICCAI_BraTS_2018_Data_Training/HGG/Brats18_CBICA_ATD_1,/DATA/BraTS2018/MICCAI_BraTS_2018_Data_Training/HGG/Brats18_CBICA_ATD_1/Brats18_CBICA_ATD_1_flair.nii.gz,/DATA/BraTS2018/Data_gen/Brats18_CBICA_ATD_1/Brats18_CBICA_ATD_1_flair_normal.nii.gz,/DATA/BraTS2018/Data_gen/Brats18_CBICA_ATD_1/Brats18_CBICA_ATD_1_whole_tumor.nii.gz
/DATA/BraTS2018/MICCAI_BraTS_2018_Data_Training/HGG/Brats18_CBICA_ATF_1,/DATA/BraTS2018/MICCAI_BraTS_2018_Data_Training/HGG/Brats18_CBICA_ATF_1/Brats18_CBICA_ATF_1_flair.nii.gz,/DATA/BraTS2018/Data_gen/Brats18_CBICA_ATF_1/Brats18_CBICA_ATF_1_flair_normal.nii.gz,/DATA/BraTS2018/Data_gen/Brats18_CBICA_ATF_1/Brats18_CBICA_ATF_1_whole_tumor.nii.gz
/DATA/BraTS2018/MICCAI_BraTS_2018_Data_Training/HGG/Brats18_CBICA_ATP_1,/DATA/BraTS2018/MICCAI_BraTS_2018_Data_Training/HGG/Brats18_CBICA_ATP_1/Brats18_CBICA_ATP_1_flair.nii.gz,/DATA/BraTS2018/Data_gen/Brats18_CBICA_ATP_1/Brats18_CBICA_ATP_1_flair_normal.nii.gz,/DATA/BraTS2018/Data_gen/Brats18_CBICA_ATP_1/Brats18_CBICA_ATP_1_whole_tumor.nii.gz
/DATA/BraTS2018/MICCAI_BraTS_2018_Data_Training/HGG/Brats18_CBICA_ATV_1,/DATA/BraTS2018/MICCAI_BraTS_2018_Data_Training/HGG/Brats18_CBICA_ATV_1/Brats18_CBICA_ATV_1_flair.nii.gz,/DATA/BraTS2018/Data_gen/Brats18_CBICA_ATV_1/Brats18_CBICA_ATV_1_flair_normal.nii.gz,/DATA/BraTS2018/Data_gen/Brats18_CBICA_ATV_1/Brats18_CBICA_ATV_1_whole_tumor.nii.gz
/DATA/BraTS2018/MICCAI_BraTS_2018_Data_Training/HGG/Brats18_CBICA_AUN_1,/DATA/BraTS2018/MICCAI_BraTS_2018_Data_Training/HGG/Brats18_CBICA_AUN_1/Brats18_CBICA_AUN_1_flair.nii.gz,/DATA/BraTS2018/Data_gen/Brats18_CBICA_AUN_1/Brats18_CBICA_AUN_1_flair_normal.nii.gz,/DATA/BraTS2018/Data_gen/Brats18_CBICA_AUN_1/Brats18_CBICA_AUN_1_whole_tumor.nii.gz
/DATA/BraTS2018/MICCAI_BraTS_2018_Data_Training/HGG/Brats18_CBICA_AUQ_1,/DATA/BraTS2018/MICCAI_BraTS_2018_Data_Training/HGG/Brats18_CBICA_AUQ_1/Brats18_CBICA_AUQ_1_flair.nii.gz,/DATA/BraTS2018/Data_gen/Brats18_CBICA_AUQ_1/Brats18_CBICA_AUQ_1_flair_normal.nii.gz,/DATA/BraTS2018/Data_gen/Brats18_CBICA_AUQ_1/Brats18_CBICA_AUQ_1_whole_tumor.nii.gz
/DATA/BraTS2018/MICCAI_BraTS_2018_Data_Training/HGG/Brats18_CBICA_AUR_1,/DATA/BraTS2018/MICCAI_BraTS_2018_Data_Training/HGG/Brats18_CBICA_AUR_1/Brats18_CBICA_AUR_1_flair.nii.gz,/DATA/BraTS2018/Data_gen/Brats18_CBICA_AUR_1/Brats18_CBICA_AUR_1_flair_normal.nii.gz,/DATA/BraTS2018/Data_gen/Brats18_CBICA_AUR_1/Brats18_CBICA_AUR_1_whole_tumor.nii.gz
/DATA/BraTS2018/MICCAI_BraTS_2018_Data_Training/HGG/Brats18_CBICA_AVG_1,/DATA/BraTS2018/MICCAI_BraTS_2018_Data_Training/HGG/Brats18_CBICA_AVG_1/Brats18_CBICA_AVG_1_flair.nii.gz,/DATA/BraTS2018/Data_gen/Brats18_CBICA_AVG_1/Brats18_CBICA_AVG_1_flair_normal.nii.gz,/DATA/BraTS2018/Data_gen/Brats18_CBICA_AVG_1/Brats18_CBICA_AVG_1_whole_tumor.nii.gz
/DATA/BraTS2018/MICCAI_BraTS_2018_Data_Training/HGG/Brats18_CBICA_AVV_1,/DATA/BraTS2018/MICCAI_BraTS_2018_Data_Training/HGG/Brats18_CBICA_AVV_1/Brats18_CBICA_AVV_1_flair.nii.gz,/DATA/BraTS2018/Data_gen/Brats18_CBICA_AVV_1/Brats18_CBICA_AVV_1_flair_normal.nii.gz,/DATA/BraTS2018/Data_gen/Brats18_CBICA_AVV_1/Brats18_CBICA_AVV_1_whole_tumor.nii.gz
/DATA/BraTS2018/MICCAI_BraTS_2018_Data_Training/HGG/Brats18_CBICA_AWG_1,/DATA/BraTS2018/MICCAI_BraTS_2018_Data_Training/HGG/Brats18_CBICA_AWG_1/Brats18_CBICA_AWG_1_flair.nii.gz,/DATA/BraTS2018/Data_gen/Brats18_CBICA_AWG_1/Brats18_CBICA_AWG_1_flair_normal.nii.gz,/DATA/BraTS2018/Data_gen/Brats18_CBICA_AWG_1/Brats18_CBICA_AWG_1_whole_tumor.nii.gz
/DATA/BraTS2018/MICCAI_BraTS_2018_Data_Training/HGG/Brats18_CBICA_AWH_1,/DATA/BraTS2018/MICCAI_BraTS_2018_Data_Training/HGG/Brats18_CBICA_AWH_1/Brats18_CBICA_AWH_1_flair.nii.gz,/DATA/BraTS2018/Data_gen/Brats18_CBICA_AWH_1/Brats18_CBICA_AWH_1_flair_normal.nii.gz,/DATA/BraTS2018/Data_gen/Brats18_CBICA_AWH_1/Brats18_CBICA_AWH_1_whole_tumor.nii.gz
/DATA/BraTS2018/MICCAI_BraTS_2018_Data_Training/HGG/Brats18_CBICA_AWI_1,/DATA/BraTS2018/MICCAI_BraTS_2018_Data_Training/HGG/Brats18_CBICA_AWI_1/Brats18_CBICA_AWI_1_flair.nii.gz,/DATA/BraTS2018/Data_gen/Brats18_CBICA_AWI_1/Brats18_CBICA_AWI_1_flair_normal.nii.gz,/DATA/BraTS2018/Data_gen/Brats18_CBICA_AWI_1/Brats18_CBICA_AWI_1_whole_tumor.nii.gz
/DATA/BraTS2018/MICCAI_BraTS_2018_Data_Training/HGG/Brats18_CBICA_AXL_1,/DATA/BraTS2018/MICCAI_BraTS_2018_Data_Training/HGG/Brats18_CBICA_AXL_1/Brats18_CBICA_AXL_1_flair.nii.gz,/DATA/BraTS2018/Data_gen/Brats18_CBICA_AXL_1/Brats18_CBICA_AXL_1_flair_normal.nii.gz,/DATA/BraTS2018/Data_gen/Brats18_CBICA_AXL_1/Brats18_CBICA_AXL_1_whole_tumor.nii.gz
/DATA/BraTS2018/MICCAI_BraTS_2018_Data_Training/HGG/Brats18_CBICA_AXM_1,/DATA/BraTS2018/MICCAI_BraTS_2018_Data_Training/HGG/Brats18_CBICA_AXM_1/Brats18_CBICA_AXM_1_flair.nii.gz,/DATA/BraTS2018/Data_gen/Brats18_CBICA_AXM_1/Brats18_CBICA_AXM_1_flair_normal.nii.gz,/DATA/BraTS2018/Data_gen/Brats18_CBICA_AXM_1/Brats18_CBICA_AXM_1_whole_tumor.nii.gz
/DATA/BraTS2018/MICCAI_BraTS_2018_Data_Training/HGG/Brats18_CBICA_AXN_1,/DATA/BraTS2018/MICCAI_BraTS_2018_Data_Training/HGG/Brats18_CBICA_AXN_1/Brats18_CBICA_AXN_1_flair.nii.gz,/DATA/BraTS2018/Data_gen/Brats18_CBICA_AXN_1/Brats18_CBICA_AXN_1_flair_normal.nii.gz,/DATA/BraTS2018/Data_gen/Brats18_CBICA_AXN_1/Brats18_CBICA_AXN_1_whole_tumor.nii.gz
/DATA/BraTS2018/MICCAI_BraTS_2018_Data_Training/HGG/Brats18_CBICA_AXO_1,/DATA/BraTS2018/MICCAI_BraTS_2018_Data_Training/HGG/Brats18_CBICA_AXO_1/Brats18_CBICA_AXO_1_flair.nii.gz,/DATA/BraTS2018/Data_gen/Brats18_CBICA_AXO_1/Brats18_CBICA_AXO_1_flair_normal.nii.gz,/DATA/BraTS2018/Data_gen/Brats18_CBICA_AXO_1/Brats18_CBICA_AXO_1_whole_tumor.nii.gz
/DATA/BraTS2018/MICCAI_BraTS_2018_Data_Training/HGG/Brats18_CBICA_AXW_1,/DATA/BraTS2018/MICCAI_BraTS_2018_Data_Training/HGG/Brats18_CBICA_AXW_1/Brats18_CBICA_AXW_1_flair.nii.gz,/DATA/BraTS2018/Data_gen/Brats18_CBICA_AXW_1/Brats18_CBICA_AXW_1_flair_normal.nii.gz,/DATA/BraTS2018/Data_gen/Brats18_CBICA_AXW_1/Brats18_CBICA_AXW_1_whole_tumor.nii.gz
/DATA/BraTS2018/MICCAI_BraTS_2018_Data_Training/HGG/Brats18_CBICA_AYA_1,/DATA/BraTS2018/MICCAI_BraTS_2018_Data_Training/HGG/Brats18_CBICA_AYA_1/Brats18_CBICA_AYA_1_flair.nii.gz,/DATA/BraTS2018/Data_gen/Brats18_CBICA_AYA_1/Brats18_CBICA_AYA_1_flair_normal.nii.gz,/DATA/BraTS2018/Data_gen/Brats18_CBICA_AYA_1/Brats18_CBICA_AYA_1_whole_tumor.nii.gz
/DATA/BraTS2018/MICCAI_BraTS_2018_Data_Training/HGG/Brats18_CBICA_AYI_1,/DATA/BraTS2018/MICCAI_BraTS_2018_Data_Training/HGG/Brats18_CBICA_AYI_1/Brats18_CBICA_AYI_1_flair.nii.gz,/DATA/BraTS2018/Data_gen/Brats18_CBICA_AYI_1/Brats18_CBICA_AYI_1_flair_normal.nii.gz,/DATA/BraTS2018/Data_gen/Brats18_CBICA_AYI_1/Brats18_CBICA_AYI_1_whole_tumor.nii.gz
/DATA/BraTS2018/MICCAI_BraTS_2018_Data_Training/HGG/Brats18_CBICA_AYU_1,/DATA/BraTS2018/MICCAI_BraTS_2018_Data_Training/HGG/Brats18_CBICA_AYU_1/Brats18_CBICA_AYU_1_flair.nii.gz,/DATA/BraTS2018/Data_gen/Brats18_CBICA_AYU_1/Brats18_CBICA_AYU_1_flair_normal.nii.gz,/DATA/BraTS2018/Data_gen/Brats18_CBICA_AYU_1/Brats18_CBICA_AYU_1_whole_tumor.nii.gz
/DATA/BraTS2018/MICCAI_BraTS_2018_Data_Training/HGG/Brats18_CBICA_AZD_1,/DATA/BraTS2018/MICCAI_BraTS_2018_Data_Training/HGG/Brats18_CBICA_AZD_1/Brats18_CBICA_AZD_1_flair.nii.gz,/DATA/BraTS2018/Data_gen/Brats18_CBICA_AZD_1/Brats18_CBICA_AZD_1_flair_normal.nii.gz,/DATA/BraTS2018/Data_gen/Brats18_CBICA_AZD_1/Brats18_CBICA_AZD_1_whole_tumor.nii.gz
/DATA/BraTS2018/MICCAI_BraTS_2018_Data_Training/HGG/Brats18_CBICA_AZH_1,/DATA/BraTS2018/MICCAI_BraTS_2018_Data_Training/HGG/Brats18_CBICA_AZH_1/Brats18_CBICA_AZH_1_flair.nii.gz,/DATA/BraTS2018/Data_gen/Brats18_CBICA_AZH_1/Brats18_CBICA_AZH_1_flair_normal.nii.gz,/DATA/BraTS2018/Data_gen/Brats18_CBICA_AZH_1/Brats18_CBICA_AZH_1_whole_tumor.nii.gz
/DATA/BraTS2018/MICCAI_BraTS_2018_Data_Training/HGG/Brats18_CBICA_BFB_1,/DATA/BraTS2018/MICCAI_BraTS_2018_Data_Training/HGG/Brats18_CBICA_BFB_1/Brats18_CBICA_BFB_1_flair.nii.gz,/DATA/BraTS2018/Data_gen/Brats18_CBICA_BFB_1/Brats18_CBICA_BFB_1_flair_normal.nii.gz,/DATA/BraTS2018/Data_gen/Brats18_CBICA_BFB_1/Brats18_CBICA_BFB_1_whole_tumor.nii.gz
/DATA/BraTS2018/MICCAI_BraTS_2018_Data_Training/HGG/Brats18_CBICA_BFP_1,/DATA/BraTS2018/MICCAI_BraTS_2018_Data_Training/HGG/Brats18_CBICA_BFP_1/Brats18_CBICA_BFP_1_flair.nii.gz,/DATA/BraTS2018/Data_gen/Brats18_CBICA_BFP_1/Brats18_CBICA_BFP_1_flair_normal.nii.gz,/DATA/BraTS2018/Data_gen/Brats18_CBICA_BFP_1/Brats18_CBICA_BFP_1_whole_tumor.nii.gz
/DATA/BraTS2018/MICCAI_BraTS_2018_Data_Training/HGG/Brats18_CBICA_BHK_1,/DATA/BraTS2018/MICCAI_BraTS_2018_Data_Training/HGG/Brats18_CBICA_BHK_1/Brats18_CBICA_BHK_1_flair.nii.gz,/DATA/BraTS2018/Data_gen/Brats18_CBICA_BHK_1/Brats18_CBICA_BHK_1_flair_normal.nii.gz,/DATA/BraTS2018/Data_gen/Brats18_CBICA_BHK_1/Brats18_CBICA_BHK_1_whole_tumor.nii.gz
/DATA/BraTS2018/MICCAI_BraTS_2018_Data_Training/HGG/Brats18_CBICA_BHM_1,/DATA/BraTS2018/MICCAI_BraTS_2018_Data_Training/HGG/Brats18_CBICA_BHM_1/Brats18_CBICA_BHM_1_flair.nii.gz,/DATA/BraTS2018/Data_gen/Brats18_CBICA_BHM_1/Brats18_CBICA_BHM_1_flair_normal.nii.gz,/DATA/BraTS2018/Data_gen/Brats18_CBICA_BHM_1/Brats18_CBICA_BHM_1_whole_tumor.nii.gz
/DATA/BraTS2018/MICCAI_BraTS_2018_Data_Training/HGG/Brats18_TCIA01_131_1,/DATA/BraTS2018/MICCAI_BraTS_2018_Data_Training/HGG/Brats18_TCIA01_131_1/Brats18_TCIA01_131_1_flair.nii.gz,/DATA/BraTS2018/Data_gen/Brats18_TCIA01_131_1/Brats18_TCIA01_131_1_flair_normal.nii.gz,/DATA/BraTS2018/Data_gen/Brats18_TCIA01_131_1/Brats18_TCIA01_131_1_whole_tumor.nii.gz
/DATA/BraTS2018/MICCAI_BraTS_2018_Data_Training/HGG/Brats18_TCIA01_147_1,/DATA/BraTS2018/MICCAI_BraTS_2018_Data_Training/HGG/Brats18_TCIA01_147_1/Brats18_TCIA01_147_1_flair.nii.gz,/DATA/BraTS2018/Data_gen/Brats18_TCIA01_147_1/Brats18_TCIA01_147_1_flair_normal.nii.gz,/DATA/BraTS2018/Data_gen/Brats18_TCIA01_147_1/Brats18_TCIA01_147_1_whole_tumor.nii.gz
/DATA/BraTS2018/MICCAI_BraTS_2018_Data_Training/HGG/Brats18_TCIA01_180_1,/DATA/BraTS2018/MICCAI_BraTS_2018_Data_Training/HGG/Brats18_TCIA01_180_1/Brats18_TCIA01_180_1_flair.nii.gz,/DATA/BraTS2018/Data_gen/Brats18_TCIA01_180_1/Brats18_TCIA01_180_1_flair_normal.nii.gz,/DATA/BraTS2018/Data_gen/Brats18_TCIA01_180_1/Brats18_TCIA01_180_1_whole_tumor.nii.gz
/DATA/BraTS2018/MICCAI_BraTS_2018_Data_Training/HGG/Brats18_TCIA01_186_1,/DATA/BraTS2018/MICCAI_BraTS_2018_Data_Training/HGG/Brats18_TCIA01_186_1/Brats18_TCIA01_186_1_flair.nii.gz,/DATA/BraTS2018/Data_gen/Brats18_TCIA01_186_1/Brats18_TCIA01_186_1_flair_normal.nii.gz,/DATA/BraTS2018/Data_gen/Brats18_TCIA01_186_1/Brats18_TCIA01_186_1_whole_tumor.nii.gz
/DATA/BraTS2018/MICCAI_BraTS_2018_Data_Training/HGG/Brats18_TCIA01_190_1,/DATA/BraTS2018/MICCAI_BraTS_2018_Data_Training/HGG/Brats18_TCIA01_190_1/Brats18_TCIA01_190_1_flair.nii.gz,/DATA/BraTS2018/Data_gen/Brats18_TCIA01_190_1/Brats18_TCIA01_190_1_flair_normal.nii.gz,/DATA/BraTS2018/Data_gen/Brats18_TCIA01_190_1/Brats18_TCIA01_190_1_whole_tumor.nii.gz
/DATA/BraTS2018/MICCAI_BraTS_2018_Data_Training/HGG/Brats18_TCIA01_201_1,/DATA/BraTS2018/MICCAI_BraTS_2018_Data_Training/HGG/Brats18_TCIA01_201_1/Brats18_TCIA01_201_1_flair.nii.gz,/DATA/BraTS2018/Data_gen/Brats18_TCIA01_201_1/Brats18_TCIA01_201_1_flair_normal.nii.gz,/DATA/BraTS2018/Data_gen/Brats18_TCIA01_201_1/Brats18_TCIA01_201_1_whole_tumor.nii.gz
/DATA/BraTS2018/MICCAI_BraTS_2018_Data_Training/HGG/Brats18_TCIA01_221_1,/DATA/BraTS2018/MICCAI_BraTS_2018_Data_Training/HGG/Brats18_TCIA01_221_1/Brats18_TCIA01_221_1_flair.nii.gz,/DATA/BraTS2018/Data_gen/Brats18_TCIA01_221_1/Brats18_TCIA01_221_1_flair_normal.nii.gz,/DATA/BraTS2018/Data_gen/Brats18_TCIA01_221_1/Brats18_TCIA01_221_1_whole_tumor.nii.gz
/DATA/BraTS2018/MICCAI_BraTS_2018_Data_Training/HGG/Brats18_TCIA01_231_1,/DATA/BraTS2018/MICCAI_BraTS_2018_Data_Training/HGG/Brats18_TCIA01_231_1/Brats18_TCIA01_231_1_flair.nii.gz,/DATA/BraTS2018/Data_gen/Brats18_TCIA01_231_1/Brats18_TCIA01_231_1_flair_normal.nii.gz,/DATA/BraTS2018/Data_gen/Brats18_TCIA01_231_1/Brats18_TCIA01_231_1_whole_tumor.nii.gz
/DATA/BraTS2018/MICCAI_BraTS_2018_Data_Training/HGG/Brats18_TCIA01_235_1,/DATA/BraTS2018/MICCAI_BraTS_2018_Data_Training/HGG/Brats18_TCIA01_235_1/Brats18_TCIA01_235_1_flair.nii.gz,/DATA/BraTS2018/Data_gen/Brats18_TCIA01_235_1/Brats18_TCIA01_235_1_flair_normal.nii.gz,/DATA/BraTS2018/Data_gen/Brats18_TCIA01_235_1/Brats18_TCIA01_235_1_whole_tumor.nii.gz
/DATA/BraTS2018/MICCAI_BraTS_2018_Data_Training/HGG/Brats18_TCIA01_335_1,/DATA/BraTS2018/MICCAI_BraTS_2018_Data_Training/HGG/Brats18_TCIA01_335_1/Brats18_TCIA01_335_1_flair.nii.gz,/DATA/BraTS2018/Data_gen/Brats18_TCIA01_335_1/Brats18_TCIA01_335_1_flair_normal.nii.gz,/DATA/BraTS2018/Data_gen/Brats18_TCIA01_335_1/Brats18_TCIA01_335_1_whole_tumor.nii.gz
/DATA/BraTS2018/MICCAI_BraTS_2018_Data_Training/HGG/Brats18_TCIA01_390_1,/DATA/BraTS2018/MICCAI_BraTS_2018_Data_Training/HGG/Brats18_TCIA01_390_1/Brats18_TCIA01_390_1_flair.nii.gz,/DATA/BraTS2018/Data_gen/Brats18_TCIA01_390_1/Brats18_TCIA01_390_1_flair_normal.nii.gz,/DATA/BraTS2018/Data_gen/Brats18_TCIA01_390_1/Brats18_TCIA01_390_1_whole_tumor.nii.gz
/DATA/BraTS2018/MICCAI_BraTS_2018_Data_Training/HGG/Brats18_TCIA01_401_1,/DATA/BraTS2018/MICCAI_BraTS_2018_Data_Training/HGG/Brats18_TCIA01_401_1/Brats18_TCIA01_401_1_flair.nii.gz,/DATA/BraTS2018/Data_gen/Brats18_TCIA01_401_1/Brats18_TCIA01_401_1_flair_normal.nii.gz,/DATA/BraTS2018/Data_gen/Brats18_TCIA01_401_1/Brats18_TCIA01_401_1_whole_tumor.nii.gz
/DATA/BraTS2018/MICCAI_BraTS_2018_Data_Training/HGG/Brats18_TCIA01_411_1,/DATA/BraTS2018/MICCAI_BraTS_2018_Data_Training/HGG/Brats18_TCIA01_411_1/Brats18_TCIA01_411_1_flair.nii.gz,/DATA/BraTS2018/Data_gen/Brats18_TCIA01_411_1/Brats18_TCIA01_411_1_flair_normal.nii.gz,/DATA/BraTS2018/Data_gen/Brats18_TCIA01_411_1/Brats18_TCIA01_411_1_whole_tumor.nii.gz
/DATA/BraTS2018/MICCAI_BraTS_2018_Data_Training/HGG/Brats18_TCIA01_412_1,/DATA/BraTS2018/MICCAI_BraTS_2018_Data_Training/HGG/Brats18_TCIA01_412_1/Brats18_TCIA01_412_1_flair.nii.gz,/DATA/BraTS2018/Data_gen/Brats18_TCIA01_412_1/Brats18_TCIA01_412_1_flair_normal.nii.gz,/DATA/BraTS2018/Data_gen/Brats18_TCIA01_412_1/Brats18_TCIA01_412_1_whole_tumor.nii.gz
/DATA/BraTS2018/MICCAI_BraTS_2018_Data_Training/HGG/Brats18_TCIA01_429_1,/DATA/BraTS2018/MICCAI_BraTS_2018_Data_Training/HGG/Brats18_TCIA01_429_1/Brats18_TCIA01_429_1_flair.nii.gz,/DATA/BraTS2018/Data_gen/Brats18_TCIA01_429_1/Brats18_TCIA01_429_1_flair_normal.nii.gz,/DATA/BraTS2018/Data_gen/Brats18_TCIA01_429_1/Brats18_TCIA01_429_1_whole_tumor.nii.gz
/DATA/BraTS2018/MICCAI_BraTS_2018_Data_Training/HGG/Brats18_TCIA01_448_1,/DATA/BraTS2018/MICCAI_BraTS_2018_Data_Training/HGG/Brats18_TCIA01_448_1/Brats18_TCIA01_448_1_flair.nii.gz,/DATA/BraTS2018/Data_gen/Brats18_TCIA01_448_1/Brats18_TCIA01_448_1_flair_normal.nii.gz,/DATA/BraTS2018/Data_gen/Brats18_TCIA01_448_1/Brats18_TCIA01_448_1_whole_tumor.nii.gz
/DATA/BraTS2018/MICCAI_BraTS_2018_Data_Training/HGG/Brats18_TCIA01_460_1,/DATA/BraTS2018/MICCAI_BraTS_2018_Data_Training/HGG/Brats18_TCIA01_460_1/Brats18_TCIA01_460_1_flair.nii.gz,/DATA/BraTS2018/Data_gen/Brats18_TCIA01_460_1/Brats18_TCIA01_460_1_flair_normal.nii.gz,/DATA/BraTS2018/Data_gen/Brats18_TCIA01_460_1/Brats18_TCIA01_460_1_whole_tumor.nii.gz
/DATA/BraTS2018/MICCAI_BraTS_2018_Data_Training/HGG/Brats18_TCIA01_499_1,/DATA/BraTS2018/MICCAI_BraTS_2018_Data_Training/HGG/Brats18_TCIA01_499_1/Brats18_TCIA01_499_1_flair.nii.gz,/DATA/BraTS2018/Data_gen/Brats18_TCIA01_499_1/Brats18_TCIA01_499_1_flair_normal.nii.gz,/DATA/BraTS2018/Data_gen/Brats18_TCIA01_499_1/Brats18_TCIA01_499_1_whole_tumor.nii.gz
/DATA/BraTS2018/MICCAI_BraTS_2018_Data_Training/HGG/Brats18_TCIA02_118_1,/DATA/BraTS2018/MICCAI_BraTS_2018_Data_Training/HGG/Brats18_TCIA02_118_1/Brats18_TCIA02_118_1_flair.nii.gz,/DATA/BraTS2018/Data_gen/Brats18_TCIA02_118_1/Brats18_TCIA02_118_1_flair_normal.nii.gz,/DATA/BraTS2018/Data_gen/Brats18_TCIA02_118_1/Brats18_TCIA02_118_1_whole_tumor.nii.gz
/DATA/BraTS2018/MICCAI_BraTS_2018_Data_Training/HGG/Brats18_TCIA02_135_1,/DATA/BraTS2018/MICCAI_BraTS_2018_Data_Training/HGG/Brats18_TCIA02_135_1/Brats18_TCIA02_135_1_flair.nii.gz,/DATA/BraTS2018/Data_gen/Brats18_TCIA02_135_1/Brats18_TCIA02_135_1_flair_normal.nii.gz,/DATA/BraTS2018/Data_gen/Brats18_TCIA02_135_1/Brats18_TCIA02_135_1_whole_tumor.nii.gz
/DATA/BraTS2018/MICCAI_BraTS_2018_Data_Training/HGG/Brats18_TCIA02_151_1,/DATA/BraTS2018/MICCAI_BraTS_2018_Data_Training/HGG/Brats18_TCIA02_151_1/Brats18_TCIA02_151_1_flair.nii.gz,/DATA/BraTS2018/Data_gen/Brats18_TCIA02_151_1/Brats18_TCIA02_151_1_flair_normal.nii.gz,/DATA/BraTS2018/Data_gen/Brats18_TCIA02_151_1/Brats18_TCIA02_151_1_whole_tumor.nii.gz
/DATA/BraTS2018/MICCAI_BraTS_2018_Data_Training/HGG/Brats18_TCIA02_168_1,/DATA/BraTS2018/MICCAI_BraTS_2018_Data_Training/HGG/Brats18_TCIA02_168_1/Brats18_TCIA02_168_1_flair.nii.gz,/DATA/BraTS2018/Data_gen/Brats18_TCIA02_168_1/Brats18_TCIA02_168_1_flair_normal.nii.gz,/DATA/BraTS2018/Data_gen/Brats18_TCIA02_168_1/Brats18_TCIA02_168_1_whole_tumor.nii.gz
/DATA/BraTS2018/MICCAI_BraTS_2018_Data_Training/HGG/Brats18_TCIA02_179_1,/DATA/BraTS2018/MICCAI_BraTS_2018_Data_Training/HGG/Brats18_TCIA02_179_1/Brats18_TCIA02_179_1_flair.nii.gz,/DATA/BraTS2018/Data_gen/Brats18_TCIA02_179_1/Brats18_TCIA02_179_1_flair_normal.nii.gz,/DATA/BraTS2018/Data_gen/Brats18_TCIA02_179_1/Brats18_TCIA02_179_1_whole_tumor.nii.gz
/DATA/BraTS2018/MICCAI_BraTS_2018_Data_Training/HGG/Brats18_TCIA02_198_1,/DATA/BraTS2018/MICCAI_BraTS_2018_Data_Training/HGG/Brats18_TCIA02_198_1/Brats18_TCIA02_198_1_flair.nii.gz,/DATA/BraTS2018/Data_gen/Brats18_TCIA02_198_1/Brats18_TCIA02_198_1_flair_normal.nii.gz,/DATA/BraTS2018/Data_gen/Brats18_TCIA02_198_1/Brats18_TCIA02_198_1_whole_tumor.nii.gz
/DATA/BraTS2018/MICCAI_BraTS_2018_Data_Training/HGG/Brats18_TCIA02_208_1,/DATA/BraTS2018/MICCAI_BraTS_2018_Data_Training/HGG/Brats18_TCIA02_208_1/Brats18_TCIA02_208_1_flair.nii.gz,/DATA/BraTS2018/Data_gen/Brats18_TCIA02_208_1/Brats18_TCIA02_208_1_flair_normal.nii.gz,/DATA/BraTS2018/Data_gen/Brats18_TCIA02_208_1/Brats18_TCIA02_208_1_whole_tumor.nii.gz
/DATA/BraTS2018/MICCAI_BraTS_2018_Data_Training/HGG/Brats18_TCIA02_222_1,/DATA/BraTS2018/MICCAI_BraTS_2018_Data_Training/HGG/Brats18_TCIA02_222_1/Brats18_TCIA02_222_1_flair.nii.gz,/DATA/BraTS2018/Data_gen/Brats18_TCIA02_222_1/Brats18_TCIA02_222_1_flair_normal.nii.gz,/DATA/BraTS2018/Data_gen/Brats18_TCIA02_222_1/Brats18_TCIA02_222_1_whole_tumor.nii.gz
/DATA/BraTS2018/MICCAI_BraTS_2018_Data_Training/HGG/Brats18_TCIA02_274_1,/DATA/BraTS2018/MICCAI_BraTS_2018_Data_Training/HGG/Brats18_TCIA02_274_1/Brats18_TCIA02_274_1_flair.nii.gz,/DATA/BraTS2018/Data_gen/Brats18_TCIA02_274_1/Brats18_TCIA02_274_1_flair_normal.nii.gz,/DATA/BraTS2018/Data_gen/Brats18_TCIA02_274_1/Brats18_TCIA02_274_1_whole_tumor.nii.gz
/DATA/BraTS2018/MICCAI_BraTS_2018_Data_Training/HGG/Brats18_TCIA02_283_1,/DATA/BraTS2018/MICCAI_BraTS_2018_Data_Training/HGG/Brats18_TCIA02_283_1/Brats18_TCIA02_283_1_flair.nii.gz,/DATA/BraTS2018/Data_gen/Brats18_TCIA02_283_1/Brats18_TCIA02_283_1_flair_normal.nii.gz,/DATA/BraTS2018/Data_gen/Brats18_TCIA02_283_1/Brats18_TCIA02_283_1_whole_tumor.nii.gz
/DATA/BraTS2018/MICCAI_BraTS_2018_Data_Training/HGG/Brats18_TCIA02_290_1,/DATA/BraTS2018/MICCAI_BraTS_2018_Data_Training/HGG/Brats18_TCIA02_290_1/Brats18_TCIA02_290_1_flair.nii.gz,/DATA/BraTS2018/Data_gen/Brats18_TCIA02_290_1/Brats18_TCIA02_290_1_flair_normal.nii.gz,/DATA/BraTS2018/Data_gen/Brats18_TCIA02_290_1/Brats18_TCIA02_290_1_whole_tumor.nii.gz
/DATA/BraTS2018/MICCAI_BraTS_2018_Data_Training/HGG/Brats18_TCIA02_300_1,/DATA/BraTS2018/MICCAI_BraTS_2018_Data_Training/HGG/Brats18_TCIA02_300_1/Brats18_TCIA02_300_1_flair.nii.gz,/DATA/BraTS2018/Data_gen/Brats18_TCIA02_300_1/Brats18_TCIA02_300_1_flair_normal.nii.gz,/DATA/BraTS2018/Data_gen/Brats18_TCIA02_300_1/Brats18_TCIA02_300_1_whole_tumor.nii.gz
/DATA/BraTS2018/MICCAI_BraTS_2018_Data_Training/HGG/Brats18_TCIA02_314_1,/DATA/BraTS2018/MICCAI_BraTS_2018_Data_Training/HGG/Brats18_TCIA02_314_1/Brats18_TCIA02_314_1_flair.nii.gz,/DATA/BraTS2018/Data_gen/Brats18_TCIA02_314_1/Brats18_TCIA02_314_1_flair_normal.nii.gz,/DATA/BraTS2018/Data_gen/Brats18_TCIA02_314_1/Brats18_TCIA02_314_1_whole_tumor.nii.gz
/DATA/BraTS2018/MICCAI_BraTS_2018_Data_Training/HGG/Brats18_TCIA02_321_1,/DATA/BraTS2018/MICCAI_BraTS_2018_Data_Training/HGG/Brats18_TCIA02_321_1/Brats18_TCIA02_321_1_flair.nii.gz,/DATA/BraTS2018/Data_gen/Brats18_TCIA02_321_1/Brats18_TCIA02_321_1_flair_normal.nii.gz,/DATA/BraTS2018/Data_gen/Brats18_TCIA02_321_1/Brats18_TCIA02_321_1_whole_tumor.nii.gz
/DATA/BraTS2018/MICCAI_BraTS_2018_Data_Training/HGG/Brats18_TCIA02_322_1,/DATA/BraTS2018/MICCAI_BraTS_2018_Data_Training/HGG/Brats18_TCIA02_322_1/Brats18_TCIA02_322_1_flair.nii.gz,/DATA/BraTS2018/Data_gen/Brats18_TCIA02_322_1/Brats18_TCIA02_322_1_flair_normal.nii.gz,/DATA/BraTS2018/Data_gen/Brats18_TCIA02_322_1/Brats18_TCIA02_322_1_whole_tumor.nii.gz
/DATA/BraTS2018/MICCAI_BraTS_2018_Data_Training/HGG/Brats18_TCIA02_331_1,/DATA/BraTS2018/MICCAI_BraTS_2018_Data_Training/HGG/Brats18_TCIA02_331_1/Brats18_TCIA02_331_1_flair.nii.gz,/DATA/BraTS2018/Data_gen/Brats18_TCIA02_331_1/Brats18_TCIA02_331_1_flair_normal.nii.gz,/DATA/BraTS2018/Data_gen/Brats18_TCIA02_331_1/Brats18_TCIA02_331_1_whole_tumor.nii.gz
/DATA/BraTS2018/MICCAI_BraTS_2018_Data_Training/HGG/Brats18_TCIA02_370_1,/DATA/BraTS2018/MICCAI_BraTS_2018_Data_Training/HGG/Brats18_TCIA02_370_1/Brats18_TCIA02_370_1_flair.nii.gz,/DATA/BraTS2018/Data_gen/Brats18_TCIA02_370_1/Brats18_TCIA02_370_1_flair_normal.nii.gz,/DATA/BraTS2018/Data_gen/Brats18_TCIA02_370_1/Brats18_TCIA02_370_1_whole_tumor.nii.gz
/DATA/BraTS2018/MICCAI_BraTS_2018_Data_Training/HGG/Brats18_TCIA02_374_1,/DATA/BraTS2018/MICCAI_BraTS_2018_Data_Training/HGG/Brats18_TCIA02_374_1/Brats18_TCIA02_374_1_flair.nii.gz,/DATA/BraTS2018/Data_gen/Brats18_TCIA02_374_1/Brats18_TCIA02_374_1_flair_normal.nii.gz,/DATA/BraTS2018/Data_gen/Brats18_TCIA02_374_1/Brats18_TCIA02_374_1_whole_tumor.nii.gz
/DATA/BraTS2018/MICCAI_BraTS_2018_Data_Training/HGG/Brats18_TCIA02_377_1,/DATA/BraTS2018/MICCAI_BraTS_2018_Data_Training/HGG/Brats18_TCIA02_377_1/Brats18_TCIA02_377_1_flair.nii.gz,/DATA/BraTS2018/Data_gen/Brats18_TCIA02_377_1/Brats18_TCIA02_377_1_flair_normal.nii.gz,/DATA/BraTS2018/Data_gen/Brats18_TCIA02_377_1/Brats18_TCIA02_377_1_whole_tumor.nii.gz
/DATA/BraTS2018/MICCAI_BraTS_2018_Data_Training/HGG/Brats18_TCIA02_394_1,/DATA/BraTS2018/MICCAI_BraTS_2018_Data_Training/HGG/Brats18_TCIA02_394_1/Brats18_TCIA02_394_1_flair.nii.gz,/DATA/BraTS2018/Data_gen/Brats18_TCIA02_394_1/Brats18_TCIA02_394_1_flair_normal.nii.gz,/DATA/BraTS2018/Data_gen/Brats18_TCIA02_394_1/Brats18_TCIA02_394_1_whole_tumor.nii.gz
/DATA/BraTS2018/MICCAI_BraTS_2018_Data_Training/HGG/Brats18_TCIA02_455_1,/DATA/BraTS2018/MICCAI_BraTS_2018_Data_Training/HGG/Brats18_TCIA02_455_1/Brats18_TCIA02_455_1_flair.nii.gz,/DATA/BraTS2018/Data_gen/Brats18_TCIA02_455_1/Brats18_TCIA02_455_1_flair_normal.nii.gz,/DATA/BraTS2018/Data_gen/Brats18_TCIA02_455_1/Brats18_TCIA02_455_1_whole_tumor.nii.gz
/DATA/BraTS2018/MICCAI_BraTS_2018_Data_Training/HGG/Brats18_TCIA02_471_1,/DATA/BraTS2018/MICCAI_BraTS_2018_Data_Training/HGG/Brats18_TCIA02_471_1/Brats18_TCIA02_471_1_flair.nii.gz,/DATA/BraTS2018/Data_gen/Brats18_TCIA02_471_1/Brats18_TCIA02_471_1_flair_normal.nii.gz,/DATA/BraTS2018/Data_gen/Brats18_TCIA02_471_1/Brats18_TCIA02_471_1_whole_tumor.nii.gz
/DATA/BraTS2018/MICCAI_BraTS_2018_Data_Training/HGG/Brats18_TCIA02_473_1,/DATA/BraTS2018/MICCAI_BraTS_2018_Data_Training/HGG/Brats18_TCIA02_473_1/Brats18_TCIA02_473_1_flair.nii.gz,/DATA/BraTS2018/Data_gen/Brats18_TCIA02_473_1/Brats18_TCIA02_473_1_flair_normal.nii.gz,/DATA/BraTS2018/Data_gen/Brats18_TCIA02_473_1/Brats18_TCIA02_473_1_whole_tumor.nii.gz
/DATA/BraTS2018/MICCAI_BraTS_2018_Data_Training/HGG/Brats18_TCIA02_491_1,/DATA/BraTS2018/MICCAI_BraTS_2018_Data_Training/HGG/Brats18_TCIA02_491_1/Brats18_TCIA02_491_1_flair.nii.gz,/DATA/BraTS2018/Data_gen/Brats18_TCIA02_491_1/Brats18_TCIA02_491_1_flair_normal.nii.gz,/DATA/BraTS2018/Data_gen/Brats18_TCIA02_491_1/Brats18_TCIA02_491_1_whole_tumor.nii.gz
/DATA/BraTS2018/MICCAI_BraTS_2018_Data_Training/HGG/Brats18_TCIA02_606_1,/DATA/BraTS2018/MICCAI_BraTS_2018_Data_Training/HGG/Brats18_TCIA02_606_1/Brats18_TCIA02_606_1_flair.nii.gz,/DATA/BraTS2018/Data_gen/Brats18_TCIA02_606_1/Brats18_TCIA02_606_1_flair_normal.nii.gz,/DATA/BraTS2018/Data_gen/Brats18_TCIA02_606_1/Brats18_TCIA02_606_1_whole_tumor.nii.gz
/DATA/BraTS2018/MICCAI_BraTS_2018_Data_Training/HGG/Brats18_TCIA02_607_1,/DATA/BraTS2018/MICCAI_BraTS_2018_Data_Training/HGG/Brats18_TCIA02_607_1/Brats18_TCIA02_607_1_flair.nii.gz,/DATA/BraTS2018/Data_gen/Brats18_TCIA02_607_1/Brats18_TCIA02_607_1_flair_normal.nii.gz,/DATA/BraTS2018/Data_gen/Brats18_TCIA02_607_1/Brats18_TCIA02_607_1_whole_tumor.nii.gz
/DATA/BraTS2018/MICCAI_BraTS_2018_Data_Training/HGG/Brats18_TCIA02_608_1,/DATA/BraTS2018/MICCAI_BraTS_2018_Data_Training/HGG/Brats18_TCIA02_608_1/Brats18_TCIA02_608_1_flair.nii.gz,/DATA/BraTS2018/Data_gen/Brats18_TCIA02_608_1/Brats18_TCIA02_608_1_flair_normal.nii.gz,/DATA/BraTS2018/Data_gen/Brats18_TCIA02_608_1/Brats18_TCIA02_608_1_whole_tumor.nii.gz
/DATA/BraTS2018/MICCAI_BraTS_2018_Data_Training/HGG/Brats18_TCIA03_121_1,/DATA/BraTS2018/MICCAI_BraTS_2018_Data_Training/HGG/Brats18_TCIA03_121_1/Brats18_TCIA03_121_1_flair.nii.gz,/DATA/BraTS2018/Data_gen/Brats18_TCIA03_121_1/Brats18_TCIA03_121_1_flair_normal.nii.gz,/DATA/BraTS2018/Data_gen/Brats18_TCIA03_121_1/Brats18_TCIA03_121_1_whole_tumor.nii.gz
/DATA/BraTS2018/MICCAI_BraTS_2018_Data_Training/HGG/Brats18_TCIA03_138_1,/DATA/BraTS2018/MICCAI_BraTS_2018_Data_Training/HGG/Brats18_TCIA03_138_1/Brats18_TCIA03_138_1_flair.nii.gz,/DATA/BraTS2018/Data_gen/Brats18_TCIA03_138_1/Brats18_TCIA03_138_1_flair_normal.nii.gz,/DATA/BraTS2018/Data_gen/Brats18_TCIA03_138_1/Brats18_TCIA03_138_1_whole_tumor.nii.gz
/DATA/BraTS2018/MICCAI_BraTS_2018_Data_Training/HGG/Brats18_TCIA03_199_1,/DATA/BraTS2018/MICCAI_BraTS_2018_Data_Training/HGG/Brats18_TCIA03_199_1/Brats18_TCIA03_199_1_flair.nii.gz,/DATA/BraTS2018/Data_gen/Brats18_TCIA03_199_1/Brats18_TCIA03_199_1_flair_normal.nii.gz,/DATA/BraTS2018/Data_gen/Brats18_TCIA03_199_1/Brats18_TCIA03_199_1_whole_tumor.nii.gz
/DATA/BraTS2018/MICCAI_BraTS_2018_Data_Training/HGG/Brats18_TCIA03_257_1,/DATA/BraTS2018/MICCAI_BraTS_2018_Data_Training/HGG/Brats18_TCIA03_257_1/Brats18_TCIA03_257_1_flair.nii.gz,/DATA/BraTS2018/Data_gen/Brats18_TCIA03_257_1/Brats18_TCIA03_257_1_flair_normal.nii.gz,/DATA/BraTS2018/Data_gen/Brats18_TCIA03_257_1/Brats18_TCIA03_257_1_whole_tumor.nii.gz
/DATA/BraTS2018/MICCAI_BraTS_2018_Data_Training/HGG/Brats18_TCIA03_265_1,/DATA/BraTS2018/MICCAI_BraTS_2018_Data_Training/HGG/Brats18_TCIA03_265_1/Brats18_TCIA03_265_1_flair.nii.gz,/DATA/BraTS2018/Data_gen/Brats18_TCIA03_265_1/Brats18_TCIA03_265_1_flair_normal.nii.gz,/DATA/BraTS2018/Data_gen/Brats18_TCIA03_265_1/Brats18_TCIA03_265_1_whole_tumor.nii.gz
/DATA/BraTS2018/MICCAI_BraTS_2018_Data_Training/HGG/Brats18_TCIA03_338_1,/DATA/BraTS2018/MICCAI_BraTS_2018_Data_Training/HGG/Brats18_TCIA03_338_1/Brats18_TCIA03_338_1_flair.nii.gz,/DATA/BraTS2018/Data_gen/Brats18_TCIA03_338_1/Brats18_TCIA03_338_1_flair_normal.nii.gz,/DATA/BraTS2018/Data_gen/Brats18_TCIA03_338_1/Brats18_TCIA03_338_1_whole_tumor.nii.gz
/DATA/BraTS2018/MICCAI_BraTS_2018_Data_Training/HGG/Brats18_TCIA03_375_1,/DATA/BraTS2018/MICCAI_BraTS_2018_Data_Training/HGG/Brats18_TCIA03_375_1/Brats18_TCIA03_375_1_flair.nii.gz,/DATA/BraTS2018/Data_gen/Brats18_TCIA03_375_1/Brats18_TCIA03_375_1_flair_normal.nii.gz,/DATA/BraTS2018/Data_gen/Brats18_TCIA03_375_1/Brats18_TCIA03_375_1_whole_tumor.nii.gz
/DATA/BraTS2018/MICCAI_BraTS_2018_Data_Training/HGG/Brats18_TCIA03_419_1,/DATA/BraTS2018/MICCAI_BraTS_2018_Data_Training/HGG/Brats18_TCIA03_419_1/Brats18_TCIA03_419_1_flair.nii.gz,/DATA/BraTS2018/Data_gen/Brats18_TCIA03_419_1/Brats18_TCIA03_419_1_flair_normal.nii.gz,/DATA/BraTS2018/Data_gen/Brats18_TCIA03_419_1/Brats18_TCIA03_419_1_whole_tumor.nii.gz
/DATA/BraTS2018/MICCAI_BraTS_2018_Data_Training/HGG/Brats18_TCIA03_474_1,/DATA/BraTS2018/MICCAI_BraTS_2018_Data_Training/HGG/Brats18_TCIA03_474_1/Brats18_TCIA03_474_1_flair.nii.gz,/DATA/BraTS2018/Data_gen/Brats18_TCIA03_474_1/Brats18_TCIA03_474_1_flair_normal.nii.gz,/DATA/BraTS2018/Data_gen/Brats18_TCIA03_474_1/Brats18_TCIA03_474_1_whole_tumor.nii.gz
/DATA/BraTS2018/MICCAI_BraTS_2018_Data_Training/HGG/Brats18_TCIA04_111_1,/DATA/BraTS2018/MICCAI_BraTS_2018_Data_Training/HGG/Brats18_TCIA04_111_1/Brats18_TCIA04_111_1_flair.nii.gz,/DATA/BraTS2018/Data_gen/Brats18_TCIA04_111_1/Brats18_TCIA04_111_1_flair_normal.nii.gz,/DATA/BraTS2018/Data_gen/Brats18_TCIA04_111_1/Brats18_TCIA04_111_1_whole_tumor.nii.gz
/DATA/BraTS2018/MICCAI_BraTS_2018_Data_Training/HGG/Brats18_TCIA04_149_1,/DATA/BraTS2018/MICCAI_BraTS_2018_Data_Training/HGG/Brats18_TCIA04_149_1/Brats18_TCIA04_149_1_flair.nii.gz,/DATA/BraTS2018/Data_gen/Brats18_TCIA04_149_1/Brats18_TCIA04_149_1_flair_normal.nii.gz,/DATA/BraTS2018/Data_gen/Brats18_TCIA04_149_1/Brats18_TCIA04_149_1_whole_tumor.nii.gz
/DATA/BraTS2018/MICCAI_BraTS_2018_Data_Training/HGG/Brats18_TCIA04_192_1,/DATA/BraTS2018/MICCAI_BraTS_2018_Data_Training/HGG/Brats18_TCIA04_192_1/Brats18_TCIA04_192_1_flair.nii.gz,/DATA/BraTS2018/Data_gen/Brats18_TCIA04_192_1/Brats18_TCIA04_192_1_flair_normal.nii.gz,/DATA/BraTS2018/Data_gen/Brats18_TCIA04_192_1/Brats18_TCIA04_192_1_whole_tumor.nii.gz
/DATA/BraTS2018/MICCAI_BraTS_2018_Data_Training/HGG/Brats18_TCIA04_328_1,/DATA/BraTS2018/MICCAI_BraTS_2018_Data_Training/HGG/Brats18_TCIA04_328_1/Brats18_TCIA04_328_1_flair.nii.gz,/DATA/BraTS2018/Data_gen/Brats18_TCIA04_328_1/Brats18_TCIA04_328_1_flair_normal.nii.gz,/DATA/BraTS2018/Data_gen/Brats18_TCIA04_328_1/Brats18_TCIA04_328_1_whole_tumor.nii.gz
/DATA/BraTS2018/MICCAI_BraTS_2018_Data_Training/HGG/Brats18_TCIA04_361_1,/DATA/BraTS2018/MICCAI_BraTS_2018_Data_Training/HGG/Brats18_TCIA04_361_1/Brats18_TCIA04_361_1_flair.nii.gz,/DATA/BraTS2018/Data_gen/Brats18_TCIA04_361_1/Brats18_TCIA04_361_1_flair_normal.nii.gz,/DATA/BraTS2018/Data_gen/Brats18_TCIA04_361_1/Brats18_TCIA04_361_1_whole_tumor.nii.gz
/DATA/BraTS2018/MICCAI_BraTS_2018_Data_Training/HGG/Brats18_TCIA04_437_1,/DATA/BraTS2018/MICCAI_BraTS_2018_Data_Training/HGG/Brats18_TCIA04_437_1/Brats18_TCIA04_437_1_flair.nii.gz,/DATA/BraTS2018/Data_gen/Brats18_TCIA04_437_1/Brats18_TCIA04_437_1_flair_normal.nii.gz,/DATA/BraTS2018/Data_gen/Brats18_TCIA04_437_1/Brats18_TCIA04_437_1_whole_tumor.nii.gz
/DATA/BraTS2018/MICCAI_BraTS_2018_Data_Training/HGG/Brats18_TCIA04_479_1,/DATA/BraTS2018/MICCAI_BraTS_2018_Data_Training/HGG/Brats18_TCIA04_479_1/Brats18_TCIA04_479_1_flair.nii.gz,/DATA/BraTS2018/Data_gen/Brats18_TCIA04_479_1/Brats18_TCIA04_479_1_flair_normal.nii.gz,/DATA/BraTS2018/Data_gen/Brats18_TCIA04_479_1/Brats18_TCIA04_479_1_whole_tumor.nii.gz
/DATA/BraTS2018/MICCAI_BraTS_2018_Data_Training/HGG/Brats18_TCIA05_277_1,/DATA/BraTS2018/MICCAI_BraTS_2018_Data_Training/HGG/Brats18_TCIA05_277_1/Brats18_TCIA05_277_1_flair.nii.gz,/DATA/BraTS2018/Data_gen/Brats18_TCIA05_277_1/Brats18_TCIA05_277_1_flair_normal.nii.gz,/DATA/BraTS2018/Data_gen/Brats18_TCIA05_277_1/Brats18_TCIA05_277_1_whole_tumor.nii.gz
/DATA/BraTS2018/MICCAI_BraTS_2018_Data_Training/HGG/Brats18_TCIA05_444_1,/DATA/BraTS2018/MICCAI_BraTS_2018_Data_Training/HGG/Brats18_TCIA05_444_1/Brats18_TCIA05_444_1_flair.nii.gz,/DATA/BraTS2018/Data_gen/Brats18_TCIA05_444_1/Brats18_TCIA05_444_1_flair_normal.nii.gz,/DATA/BraTS2018/Data_gen/Brats18_TCIA05_444_1/Brats18_TCIA05_444_1_whole_tumor.nii.gz
/DATA/BraTS2018/MICCAI_BraTS_2018_Data_Training/HGG/Brats18_TCIA05_478_1,/DATA/BraTS2018/MICCAI_BraTS_2018_Data_Training/HGG/Brats18_TCIA05_478_1/Brats18_TCIA05_478_1_flair.nii.gz,/DATA/BraTS2018/Data_gen/Brats18_TCIA05_478_1/Brats18_TCIA05_478_1_flair_normal.nii.gz,/DATA/BraTS2018/Data_gen/Brats18_TCIA05_478_1/Brats18_TCIA05_478_1_whole_tumor.nii.gz
/DATA/BraTS2018/MICCAI_BraTS_2018_Data_Training/HGG/Brats18_TCIA06_165_1,/DATA/BraTS2018/MICCAI_BraTS_2018_Data_Training/HGG/Brats18_TCIA06_165_1/Brats18_TCIA06_165_1_flair.nii.gz,/DATA/BraTS2018/Data_gen/Brats18_TCIA06_165_1/Brats18_TCIA06_165_1_flair_normal.nii.gz,/DATA/BraTS2018/Data_gen/Brats18_TCIA06_165_1/Brats18_TCIA06_165_1_whole_tumor.nii.gz
/DATA/BraTS2018/MICCAI_BraTS_2018_Data_Training/HGG/Brats18_TCIA06_184_1,/DATA/BraTS2018/MICCAI_BraTS_2018_Data_Training/HGG/Brats18_TCIA06_184_1/Brats18_TCIA06_184_1_flair.nii.gz,/DATA/BraTS2018/Data_gen/Brats18_TCIA06_184_1/Brats18_TCIA06_184_1_flair_normal.nii.gz,/DATA/BraTS2018/Data_gen/Brats18_TCIA06_184_1/Brats18_TCIA06_184_1_whole_tumor.nii.gz
/DATA/BraTS2018/MICCAI_BraTS_2018_Data_Training/HGG/Brats18_TCIA06_247_1,/DATA/BraTS2018/MICCAI_BraTS_2018_Data_Training/HGG/Brats18_TCIA06_247_1/Brats18_TCIA06_247_1_flair.nii.gz,/DATA/BraTS2018/Data_gen/Brats18_TCIA06_247_1/Brats18_TCIA06_247_1_flair_normal.nii.gz,/DATA/BraTS2018/Data_gen/Brats18_TCIA06_247_1/Brats18_TCIA06_247_1_whole_tumor.nii.gz
/DATA/BraTS2018/MICCAI_BraTS_2018_Data_Training/HGG/Brats18_TCIA06_332_1,/DATA/BraTS2018/MICCAI_BraTS_2018_Data_Training/HGG/Brats18_TCIA06_332_1/Brats18_TCIA06_332_1_flair.nii.gz,/DATA/BraTS2018/Data_gen/Brats18_TCIA06_332_1/Brats18_TCIA06_332_1_flair_normal.nii.gz,/DATA/BraTS2018/Data_gen/Brats18_TCIA06_332_1/Brats18_TCIA06_332_1_whole_tumor.nii.gz
/DATA/BraTS2018/MICCAI_BraTS_2018_Data_Training/HGG/Brats18_TCIA06_372_1,/DATA/BraTS2018/MICCAI_BraTS_2018_Data_Training/HGG/Brats18_TCIA06_372_1/Brats18_TCIA06_372_1_flair.nii.gz,/DATA/BraTS2018/Data_gen/Brats18_TCIA06_372_1/Brats18_TCIA06_372_1_flair_normal.nii.gz,/DATA/BraTS2018/Data_gen/Brats18_TCIA06_372_1/Brats18_TCIA06_372_1_whole_tumor.nii.gz
/DATA/BraTS2018/MICCAI_BraTS_2018_Data_Training/HGG/Brats18_TCIA06_409_1,/DATA/BraTS2018/MICCAI_BraTS_2018_Data_Training/HGG/Brats18_TCIA06_409_1/Brats18_TCIA06_409_1_flair.nii.gz,/DATA/BraTS2018/Data_gen/Brats18_TCIA06_409_1/Brats18_TCIA06_409_1_flair_normal.nii.gz,/DATA/BraTS2018/Data_gen/Brats18_TCIA06_409_1/Brats18_TCIA06_409_1_whole_tumor.nii.gz
/DATA/BraTS2018/MICCAI_BraTS_2018_Data_Training/HGG/Brats18_TCIA08_105_1,/DATA/BraTS2018/MICCAI_BraTS_2018_Data_Training/HGG/Brats18_TCIA08_105_1/Brats18_TCIA08_105_1_flair.nii.gz,/DATA/BraTS2018/Data_gen/Brats18_TCIA08_105_1/Brats18_TCIA08_105_1_flair_normal.nii.gz,/DATA/BraTS2018/Data_gen/Brats18_TCIA08_105_1/Brats18_TCIA08_105_1_whole_tumor.nii.gz
/DATA/BraTS2018/MICCAI_BraTS_2018_Data_Training/HGG/Brats18_TCIA08_113_1,/DATA/BraTS2018/MICCAI_BraTS_2018_Data_Training/HGG/Brats18_TCIA08_113_1/Brats18_TCIA08_113_1_flair.nii.gz,/DATA/BraTS2018/Data_gen/Brats18_TCIA08_113_1/Brats18_TCIA08_113_1_flair_normal.nii.gz,/DATA/BraTS2018/Data_gen/Brats18_TCIA08_113_1/Brats18_TCIA08_113_1_whole_tumor.nii.gz
/DATA/BraTS2018/MICCAI_BraTS_2018_Data_Training/HGG/Brats18_TCIA08_162_1,/DATA/BraTS2018/MICCAI_BraTS_2018_Data_Training/HGG/Brats18_TCIA08_162_1/Brats18_TCIA08_162_1_flair.nii.gz,/DATA/BraTS2018/Data_gen/Brats18_TCIA08_162_1/Brats18_TCIA08_162_1_flair_normal.nii.gz,/DATA/BraTS2018/Data_gen/Brats18_TCIA08_162_1/Brats18_TCIA08_162_1_whole_tumor.nii.gz
/DATA/BraTS2018/MICCAI_BraTS_2018_Data_Training/HGG/Brats18_TCIA08_167_1,/DATA/BraTS2018/MICCAI_BraTS_2018_Data_Training/HGG/Brats18_TCIA08_167_1/Brats18_TCIA08_167_1_flair.nii.gz,/DATA/BraTS2018/Data_gen/Brats18_TCIA08_167_1/Brats18_TCIA08_167_1_flair_normal.nii.gz,/DATA/BraTS2018/Data_gen/Brats18_TCIA08_167_1/Brats18_TCIA08_167_1_whole_tumor.nii.gz
/DATA/BraTS2018/MICCAI_BraTS_2018_Data_Training/HGG/Brats18_TCIA08_218_1,/DATA/BraTS2018/MICCAI_BraTS_2018_Data_Training/HGG/Brats18_TCIA08_218_1/Brats18_TCIA08_218_1_flair.nii.gz,/DATA/BraTS2018/Data_gen/Brats18_TCIA08_218_1/Brats18_TCIA08_218_1_flair_normal.nii.gz,/DATA/BraTS2018/Data_gen/Brats18_TCIA08_218_1/Brats18_TCIA08_218_1_whole_tumor.nii.gz
/DATA/BraTS2018/MICCAI_BraTS_2018_Data_Training/HGG/Brats18_TCIA08_234_1,/DATA/BraTS2018/MICCAI_BraTS_2018_Data_Training/HGG/Brats18_TCIA08_234_1/Brats18_TCIA08_234_1_flair.nii.gz,/DATA/BraTS2018/Data_gen/Brats18_TCIA08_234_1/Brats18_TCIA08_234_1_flair_normal.nii.gz,/DATA/BraTS2018/Data_gen/Brats18_TCIA08_234_1/Brats18_TCIA08_234_1_whole_tumor.nii.gz
/DATA/BraTS2018/MICCAI_BraTS_2018_Data_Training/HGG/Brats18_TCIA08_242_1,/DATA/BraTS2018/MICCAI_BraTS_2018_Data_Training/HGG/Brats18_TCIA08_242_1/Brats18_TCIA08_242_1_flair.nii.gz,/DATA/BraTS2018/Data_gen/Brats18_TCIA08_242_1/Brats18_TCIA08_242_1_flair_normal.nii.gz,/DATA/BraTS2018/Data_gen/Brats18_TCIA08_242_1/Brats18_TCIA08_242_1_whole_tumor.nii.gz
/DATA/BraTS2018/MICCAI_BraTS_2018_Data_Training/HGG/Brats18_TCIA08_278_1,/DATA/BraTS2018/MICCAI_BraTS_2018_Data_Training/HGG/Brats18_TCIA08_278_1/Brats18_TCIA08_278_1_flair.nii.gz,/DATA/BraTS2018/Data_gen/Brats18_TCIA08_278_1/Brats18_TCIA08_278_1_flair_normal.nii.gz,/DATA/BraTS2018/Data_gen/Brats18_TCIA08_278_1/Brats18_TCIA08_278_1_whole_tumor.nii.gz
/DATA/BraTS2018/MICCAI_BraTS_2018_Data_Training/HGG/Brats18_TCIA08_319_1,/DATA/BraTS2018/MICCAI_BraTS_2018_Data_Training/HGG/Brats18_TCIA08_319_1/Brats18_TCIA08_319_1_flair.nii.gz,/DATA/BraTS2018/Data_gen/Brats18_TCIA08_319_1/Brats18_TCIA08_319_1_flair_normal.nii.gz,/DATA/BraTS2018/Data_gen/Brats18_TCIA08_319_1/Brats18_TCIA08_319_1_whole_tumor.nii.gz
/DATA/BraTS2018/MICCAI_BraTS_2018_Data_Training/HGG/Brats18_TCIA08_406_1,/DATA/BraTS2018/MICCAI_BraTS_2018_Data_Training/HGG/Brats18_TCIA08_406_1/Brats18_TCIA08_406_1_flair.nii.gz,/DATA/BraTS2018/Data_gen/Brats18_TCIA08_406_1/Brats18_TCIA08_406_1_flair_normal.nii.gz,/DATA/BraTS2018/Data_gen/Brats18_TCIA08_406_1/Brats18_TCIA08_406_1_whole_tumor.nii.gz
/DATA/BraTS2018/MICCAI_BraTS_2018_Data_Training/HGG/Brats18_TCIA08_436_1,/DATA/BraTS2018/MICCAI_BraTS_2018_Data_Training/HGG/Brats18_TCIA08_436_1/Brats18_TCIA08_436_1_flair.nii.gz,/DATA/BraTS2018/Data_gen/Brats18_TCIA08_436_1/Brats18_TCIA08_436_1_flair_normal.nii.gz,/DATA/BraTS2018/Data_gen/Brats18_TCIA08_436_1/Brats18_TCIA08_436_1_whole_tumor.nii.gz
/DATA/BraTS2018/MICCAI_BraTS_2018_Data_Training/HGG/Brats18_TCIA08_469_1,/DATA/BraTS2018/MICCAI_BraTS_2018_Data_Training/HGG/Brats18_TCIA08_469_1/Brats18_TCIA08_469_1_flair.nii.gz,/DATA/BraTS2018/Data_gen/Brats18_TCIA08_469_1/Brats18_TCIA08_469_1_flair_normal.nii.gz,/DATA/BraTS2018/Data_gen/Brats18_TCIA08_469_1/Brats18_TCIA08_469_1_whole_tumor.nii.gz
/DATA/BraTS2018/MICCAI_BraTS_2018_Data_Training/LGG/Brats18_2013_15_1,/DATA/BraTS2018/MICCAI_BraTS_2018_Data_Training/LGG/Brats18_2013_15_1/Brats18_2013_15_1_flair.nii.gz,/DATA/BraTS2018/Data_gen/Brats18_2013_15_1/Brats18_2013_15_1_flair_normal.nii.gz,/DATA/BraTS2018/Data_gen/Brats18_2013_15_1/Brats18_2013_15_1_whole_tumor.nii.gz
/DATA/BraTS2018/MICCAI_BraTS_2018_Data_Training/LGG/Brats18_2013_16_1,/DATA/BraTS2018/MICCAI_BraTS_2018_Data_Training/LGG/Brats18_2013_16_1/Brats18_2013_16_1_flair.nii.gz,/DATA/BraTS2018/Data_gen/Brats18_2013_16_1/Brats18_2013_16_1_flair_normal.nii.gz,/DATA/BraTS2018/Data_gen/Brats18_2013_16_1/Brats18_2013_16_1_whole_tumor.nii.gz
/DATA/BraTS2018/MICCAI_BraTS_2018_Data_Training/LGG/Brats18_2013_1_1,/DATA/BraTS2018/MICCAI_BraTS_2018_Data_Training/LGG/Brats18_2013_1_1/Brats18_2013_1_1_flair.nii.gz,/DATA/BraTS2018/Data_gen/Brats18_2013_1_1/Brats18_2013_1_1_flair_normal.nii.gz,/DATA/BraTS2018/Data_gen/Brats18_2013_1_1/Brats18_2013_1_1_whole_tumor.nii.gz
/DATA/BraTS2018/MICCAI_BraTS_2018_Data_Training/LGG/Brats18_2013_24_1,/DATA/BraTS2018/MICCAI_BraTS_2018_Data_Training/LGG/Brats18_2013_24_1/Brats18_2013_24_1_flair.nii.gz,/DATA/BraTS2018/Data_gen/Brats18_2013_24_1/Brats18_2013_24_1_flair_normal.nii.gz,/DATA/BraTS2018/Data_gen/Brats18_2013_24_1/Brats18_2013_24_1_whole_tumor.nii.gz
/DATA/BraTS2018/MICCAI_BraTS_2018_Data_Training/LGG/Brats18_2013_29_1,/DATA/BraTS2018/MICCAI_BraTS_2018_Data_Training/LGG/Brats18_2013_29_1/Brats18_2013_29_1_flair.nii.gz,/DATA/BraTS2018/Data_gen/Brats18_2013_29_1/Brats18_2013_29_1_flair_normal.nii.gz,/DATA/BraTS2018/Data_gen/Brats18_2013_29_1/Brats18_2013_29_1_whole_tumor.nii.gz
/DATA/BraTS2018/MICCAI_BraTS_2018_Data_Training/LGG/Brats18_2013_6_1,/DATA/BraTS2018/MICCAI_BraTS_2018_Data_Training/LGG/Brats18_2013_6_1/Brats18_2013_6_1_flair.nii.gz,/DATA/BraTS2018/Data_gen/Brats18_2013_6_1/Brats18_2013_6_1_flair_normal.nii.gz,/DATA/BraTS2018/Data_gen/Brats18_2013_6_1/Brats18_2013_6_1_whole_tumor.nii.gz
/DATA/BraTS2018/MICCAI_BraTS_2018_Data_Training/LGG/Brats18_2013_8_1,/DATA/BraTS2018/MICCAI_BraTS_2018_Data_Training/LGG/Brats18_2013_8_1/Brats18_2013_8_1_flair.nii.gz,/DATA/BraTS2018/Data_gen/Brats18_2013_8_1/Brats18_2013_8_1_flair_normal.nii.gz,/DATA/BraTS2018/Data_gen/Brats18_2013_8_1/Brats18_2013_8_1_whole_tumor.nii.gz
/DATA/BraTS2018/MICCAI_BraTS_2018_Data_Training/LGG/Brats18_2013_9_1,/DATA/BraTS2018/MICCAI_BraTS_2018_Data_Training/LGG/Brats18_2013_9_1/Brats18_2013_9_1_flair.nii.gz,/DATA/BraTS2018/Data_gen/Brats18_2013_9_1/Brats18_2013_9_1_flair_normal.nii.gz,/DATA/BraTS2018/Data_gen/Brats18_2013_9_1/Brats18_2013_9_1_whole_tumor.nii.gz
/DATA/BraTS2018/MICCAI_BraTS_2018_Data_Training/LGG/Brats18_TCIA09_177_1,/DATA/BraTS2018/MICCAI_BraTS_2018_Data_Training/LGG/Brats18_TCIA09_177_1/Brats18_TCIA09_177_1_flair.nii.gz,/DATA/BraTS2018/Data_gen/Brats18_TCIA09_177_1/Brats18_TCIA09_177_1_flair_normal.nii.gz,/DATA/BraTS2018/Data_gen/Brats18_TCIA09_177_1/Brats18_TCIA09_177_1_whole_tumor.nii.gz
/DATA/BraTS2018/MICCAI_BraTS_2018_Data_Training/LGG/Brats18_TCIA09_254_1,/DATA/BraTS2018/MICCAI_BraTS_2018_Data_Training/LGG/Brats18_TCIA09_254_1/Brats18_TCIA09_254_1_flair.nii.gz,/DATA/BraTS2018/Data_gen/Brats18_TCIA09_254_1/Brats18_TCIA09_254_1_flair_normal.nii.gz,/DATA/BraTS2018/Data_gen/Brats18_TCIA09_254_1/Brats18_TCIA09_254_1_whole_tumor.nii.gz
/DATA/BraTS2018/MICCAI_BraTS_2018_Data_Training/LGG/Brats18_TCIA09_255_1,/DATA/BraTS2018/MICCAI_BraTS_2018_Data_Training/LGG/Brats18_TCIA09_255_1/Brats18_TCIA09_255_1_flair.nii.gz,/DATA/BraTS2018/Data_gen/Brats18_TCIA09_255_1/Brats18_TCIA09_255_1_flair_normal.nii.gz,/DATA/BraTS2018/Data_gen/Brats18_TCIA09_255_1/Brats18_TCIA09_255_1_whole_tumor.nii.gz
/DATA/BraTS2018/MICCAI_BraTS_2018_Data_Training/LGG/Brats18_TCIA09_312_1,/DATA/BraTS2018/MICCAI_BraTS_2018_Data_Training/LGG/Brats18_TCIA09_312_1/Brats18_TCIA09_312_1_flair.nii.gz,/DATA/BraTS2018/Data_gen/Brats18_TCIA09_312_1/Brats18_TCIA09_312_1_flair_normal.nii.gz,/DATA/BraTS2018/Data_gen/Brats18_TCIA09_312_1/Brats18_TCIA09_312_1_whole_tumor.nii.gz
/DATA/BraTS2018/MICCAI_BraTS_2018_Data_Training/LGG/Brats18_TCIA09_428_1,/DATA/BraTS2018/MICCAI_BraTS_2018_Data_Training/LGG/Brats18_TCIA09_428_1/Brats18_TCIA09_428_1_flair.nii.gz,/DATA/BraTS2018/Data_gen/Brats18_TCIA09_428_1/Brats18_TCIA09_428_1_flair_normal.nii.gz,/DATA/BraTS2018/Data_gen/Brats18_TCIA09_428_1/Brats18_TCIA09_428_1_whole_tumor.nii.gz
/DATA/BraTS2018/MICCAI_BraTS_2018_Data_Training/LGG/Brats18_TCIA09_451_1,/DATA/BraTS2018/MICCAI_BraTS_2018_Data_Training/LGG/Brats18_TCIA09_451_1/Brats18_TCIA09_451_1_flair.nii.gz,/DATA/BraTS2018/Data_gen/Brats18_TCIA09_451_1/Brats18_TCIA09_451_1_flair_normal.nii.gz,/DATA/BraTS2018/Data_gen/Brats18_TCIA09_451_1/Brats18_TCIA09_451_1_whole_tumor.nii.gz
/DATA/BraTS2018/MICCAI_BraTS_2018_Data_Training/LGG/Brats18_TCIA09_462_1,/DATA/BraTS2018/MICCAI_BraTS_2018_Data_Training/LGG/Brats18_TCIA09_462_1/Brats18_TCIA09_462_1_flair.nii.gz,/DATA/BraTS2018/Data_gen/Brats18_TCIA09_462_1/Brats18_TCIA09_462_1_flair_normal.nii.gz,/DATA/BraTS2018/Data_gen/Brats18_TCIA09_462_1/Brats18_TCIA09_462_1_whole_tumor.nii.gz
/DATA/BraTS2018/MICCAI_BraTS_2018_Data_Training/LGG/Brats18_TCIA09_493_1,/DATA/BraTS2018/MICCAI_BraTS_2018_Data_Training/LGG/Brats18_TCIA09_493_1/Brats18_TCIA09_493_1_flair.nii.gz,/DATA/BraTS2018/Data_gen/Brats18_TCIA09_493_1/Brats18_TCIA09_493_1_flair_normal.nii.gz,/DATA/BraTS2018/Data_gen/Brats18_TCIA09_493_1/Brats18_TCIA09_493_1_whole_tumor.nii.gz
/DATA/BraTS2018/MICCAI_BraTS_2018_Data_Training/LGG/Brats18_TCIA10_103_1,/DATA/BraTS2018/MICCAI_BraTS_2018_Data_Training/LGG/Brats18_TCIA10_103_1/Brats18_TCIA10_103_1_flair.nii.gz,/DATA/BraTS2018/Data_gen/Brats18_TCIA10_103_1/Brats18_TCIA10_103_1_flair_normal.nii.gz,/DATA/BraTS2018/Data_gen/Brats18_TCIA10_103_1/Brats18_TCIA10_103_1_whole_tumor.nii.gz
/DATA/BraTS2018/MICCAI_BraTS_2018_Data_Training/LGG/Brats18_TCIA10_109_1,/DATA/BraTS2018/MICCAI_BraTS_2018_Data_Training/LGG/Brats18_TCIA10_109_1/Brats18_TCIA10_109_1_flair.nii.gz,/DATA/BraTS2018/Data_gen/Brats18_TCIA10_109_1/Brats18_TCIA10_109_1_flair_normal.nii.gz,/DATA/BraTS2018/Data_gen/Brats18_TCIA10_109_1/Brats18_TCIA10_109_1_whole_tumor.nii.gz
/DATA/BraTS2018/MICCAI_BraTS_2018_Data_Training/LGG/Brats18_TCIA10_130_1,/DATA/BraTS2018/MICCAI_BraTS_2018_Data_Training/LGG/Brats18_TCIA10_130_1/Brats18_TCIA10_130_1_flair.nii.gz,/DATA/BraTS2018/Data_gen/Brats18_TCIA10_130_1/Brats18_TCIA10_130_1_flair_normal.nii.gz,/DATA/BraTS2018/Data_gen/Brats18_TCIA10_130_1/Brats18_TCIA10_130_1_whole_tumor.nii.gz
/DATA/BraTS2018/MICCAI_BraTS_2018_Data_Training/LGG/Brats18_TCIA10_152_1,/DATA/BraTS2018/MICCAI_BraTS_2018_Data_Training/LGG/Brats18_TCIA10_152_1/Brats18_TCIA10_152_1_flair.nii.gz,/DATA/BraTS2018/Data_gen/Brats18_TCIA10_152_1/Brats18_TCIA10_152_1_flair_normal.nii.gz,/DATA/BraTS2018/Data_gen/Brats18_TCIA10_152_1/Brats18_TCIA10_152_1_whole_tumor.nii.gz
/DATA/BraTS2018/MICCAI_BraTS_2018_Data_Training/LGG/Brats18_TCIA10_202_1,/DATA/BraTS2018/MICCAI_BraTS_2018_Data_Training/LGG/Brats18_TCIA10_202_1/Brats18_TCIA10_202_1_flair.nii.gz,/DATA/BraTS2018/Data_gen/Brats18_TCIA10_202_1/Brats18_TCIA10_202_1_flair_normal.nii.gz,/DATA/BraTS2018/Data_gen/Brats18_TCIA10_202_1/Brats18_TCIA10_202_1_whole_tumor.nii.gz
/DATA/BraTS2018/MICCAI_BraTS_2018_Data_Training/LGG/Brats18_TCIA10_241_1,/DATA/BraTS2018/MICCAI_BraTS_2018_Data_Training/LGG/Brats18_TCIA10_241_1/Brats18_TCIA10_241_1_flair.nii.gz,/DATA/BraTS2018/Data_gen/Brats18_TCIA10_241_1/Brats18_TCIA10_241_1_flair_normal.nii.gz,/DATA/BraTS2018/Data_gen/Brats18_TCIA10_241_1/Brats18_TCIA10_241_1_whole_tumor.nii.gz
/DATA/BraTS2018/MICCAI_BraTS_2018_Data_Training/LGG/Brats18_TCIA10_261_1,/DATA/BraTS2018/MICCAI_BraTS_2018_Data_Training/LGG/Brats18_TCIA10_261_1/Brats18_TCIA10_261_1_flair.nii.gz,/DATA/BraTS2018/Data_gen/Brats18_TCIA10_261_1/Brats18_TCIA10_261_1_flair_normal.nii.gz,/DATA/BraTS2018/Data_gen/Brats18_TCIA10_261_1/Brats18_TCIA10_261_1_whole_tumor.nii.gz
/DATA/BraTS2018/MICCAI_BraTS_2018_Data_Training/LGG/Brats18_TCIA10_266_1,/DATA/BraTS2018/MICCAI_BraTS_2018_Data_Training/LGG/Brats18_TCIA10_266_1/Brats18_TCIA10_266_1_flair.nii.gz,/DATA/BraTS2018/Data_gen/Brats18_TCIA10_266_1/Brats18_TCIA10_266_1_flair_normal.nii.gz,/DATA/BraTS2018/Data_gen/Brats18_TCIA10_266_1/Brats18_TCIA10_266_1_whole_tumor.nii.gz
/DATA/BraTS2018/MICCAI_BraTS_2018_Data_Training/LGG/Brats18_TCIA10_282_1,/DATA/BraTS2018/MICCAI_BraTS_2018_Data_Training/LGG/Brats18_TCIA10_282_1/Brats18_TCIA10_282_1_flair.nii.gz,/DATA/BraTS2018/Data_gen/Brats18_TCIA10_282_1/Brats18_TCIA10_282_1_flair_normal.nii.gz,/DATA/BraTS2018/Data_gen/Brats18_TCIA10_282_1/Brats18_TCIA10_282_1_whole_tumor.nii.gz
/DATA/BraTS2018/MICCAI_BraTS_2018_Data_Training/LGG/Brats18_TCIA10_299_1,/DATA/BraTS2018/MICCAI_BraTS_2018_Data_Training/LGG/Brats18_TCIA10_299_1/Brats18_TCIA10_299_1_flair.nii.gz,/DATA/BraTS2018/Data_gen/Brats18_TCIA10_299_1/Brats18_TCIA10_299_1_flair_normal.nii.gz,/DATA/BraTS2018/Data_gen/Brats18_TCIA10_299_1/Brats18_TCIA10_299_1_whole_tumor.nii.gz
/DATA/BraTS2018/MICCAI_BraTS_2018_Data_Training/LGG/Brats18_TCIA10_307_1,/DATA/BraTS2018/MICCAI_BraTS_2018_Data_Training/LGG/Brats18_TCIA10_307_1/Brats18_TCIA10_307_1_flair.nii.gz,/DATA/BraTS2018/Data_gen/Brats18_TCIA10_307_1/Brats18_TCIA10_307_1_flair_normal.nii.gz,/DATA/BraTS2018/Data_gen/Brats18_TCIA10_307_1/Brats18_TCIA10_307_1_whole_tumor.nii.gz
/DATA/BraTS2018/MICCAI_BraTS_2018_Data_Training/LGG/Brats18_TCIA10_310_1,/DATA/BraTS2018/MICCAI_BraTS_2018_Data_Training/LGG/Brats18_TCIA10_310_1/Brats18_TCIA10_310_1_flair.nii.gz,/DATA/BraTS2018/Data_gen/Brats18_TCIA10_310_1/Brats18_TCIA10_310_1_flair_normal.nii.gz,/DATA/BraTS2018/Data_gen/Brats18_TCIA10_310_1/Brats18_TCIA10_310_1_whole_tumor.nii.gz
/DATA/BraTS2018/MICCAI_BraTS_2018_Data_Training/LGG/Brats18_TCIA10_330_1,/DATA/BraTS2018/MICCAI_BraTS_2018_Data_Training/LGG/Brats18_TCIA10_330_1/Brats18_TCIA10_330_1_flair.nii.gz,/DATA/BraTS2018/Data_gen/Brats18_TCIA10_330_1/Brats18_TCIA10_330_1_flair_normal.nii.gz,/DATA/BraTS2018/Data_gen/Brats18_TCIA10_330_1/Brats18_TCIA10_330_1_whole_tumor.nii.gz
/DATA/BraTS2018/MICCAI_BraTS_2018_Data_Training/LGG/Brats18_TCIA10_346_1,/DATA/BraTS2018/MICCAI_BraTS_2018_Data_Training/LGG/Brats18_TCIA10_346_1/Brats18_TCIA10_346_1_flair.nii.gz,/DATA/BraTS2018/Data_gen/Brats18_TCIA10_346_1/Brats18_TCIA10_346_1_flair_normal.nii.gz,/DATA/BraTS2018/Data_gen/Brats18_TCIA10_346_1/Brats18_TCIA10_346_1_whole_tumor.nii.gz
/DATA/BraTS2018/MICCAI_BraTS_2018_Data_Training/LGG/Brats18_TCIA10_351_1,/DATA/BraTS2018/MICCAI_BraTS_2018_Data_Training/LGG/Brats18_TCIA10_351_1/Brats18_TCIA10_351_1_flair.nii.gz,/DATA/BraTS2018/Data_gen/Brats18_TCIA10_351_1/Brats18_TCIA10_351_1_flair_normal.nii.gz,/DATA/BraTS2018/Data_gen/Brats18_TCIA10_351_1/Brats18_TCIA10_351_1_whole_tumor.nii.gz
/DATA/BraTS2018/MICCAI_BraTS_2018_Data_Training/LGG/Brats18_TCIA10_387_1,/DATA/BraTS2018/MICCAI_BraTS_2018_Data_Training/LGG/Brats18_TCIA10_387_1/Brats18_TCIA10_387_1_flair.nii.gz,/DATA/BraTS2018/Data_gen/Brats18_TCIA10_387_1/Brats18_TCIA10_387_1_flair_normal.nii.gz,/DATA/BraTS2018/Data_gen/Brats18_TCIA10_387_1/Brats18_TCIA10_387_1_whole_tumor.nii.gz
/DATA/BraTS2018/MICCAI_BraTS_2018_Data_Training/LGG/Brats18_TCIA10_408_1,/DATA/BraTS2018/MICCAI_BraTS_2018_Data_Training/LGG/Brats18_TCIA10_408_1/Brats18_TCIA10_408_1_flair.nii.gz,/DATA/BraTS2018/Data_gen/Brats18_TCIA10_408_1/Brats18_TCIA10_408_1_flair_normal.nii.gz,/DATA/BraTS2018/Data_gen/Brats18_TCIA10_408_1/Brats18_TCIA10_408_1_whole_tumor.nii.gz
/DATA/BraTS2018/MICCAI_BraTS_2018_Data_Training/LGG/Brats18_TCIA10_410_1,/DATA/BraTS2018/MICCAI_BraTS_2018_Data_Training/LGG/Brats18_TCIA10_410_1/Brats18_TCIA10_410_1_flair.nii.gz,/DATA/BraTS2018/Data_gen/Brats18_TCIA10_410_1/Brats18_TCIA10_410_1_flair_normal.nii.gz,/DATA/BraTS2018/Data_gen/Brats18_TCIA10_410_1/Brats18_TCIA10_410_1_whole_tumor.nii.gz
/DATA/BraTS2018/MICCAI_BraTS_2018_Data_Training/LGG/Brats18_TCIA10_413_1,/DATA/BraTS2018/MICCAI_BraTS_2018_Data_Training/LGG/Brats18_TCIA10_413_1/Brats18_TCIA10_413_1_flair.nii.gz,/DATA/BraTS2018/Data_gen/Brats18_TCIA10_413_1/Brats18_TCIA10_413_1_flair_normal.nii.gz,/DATA/BraTS2018/Data_gen/Brats18_TCIA10_413_1/Brats18_TCIA10_413_1_whole_tumor.nii.gz
/DATA/BraTS2018/MICCAI_BraTS_2018_Data_Training/LGG/Brats18_TCIA10_420_1,/DATA/BraTS2018/MICCAI_BraTS_2018_Data_Training/LGG/Brats18_TCIA10_420_1/Brats18_TCIA10_420_1_flair.nii.gz,/DATA/BraTS2018/Data_gen/Brats18_TCIA10_420_1/Brats18_TCIA10_420_1_flair_normal.nii.gz,/DATA/BraTS2018/Data_gen/Brats18_TCIA10_420_1/Brats18_TCIA10_420_1_whole_tumor.nii.gz
/DATA/BraTS2018/MICCAI_BraTS_2018_Data_Training/LGG/Brats18_TCIA10_449_1,/DATA/BraTS2018/MICCAI_BraTS_2018_Data_Training/LGG/Brats18_TCIA10_449_1/Brats18_TCIA10_449_1_flair.nii.gz,/DATA/BraTS2018/Data_gen/Brats18_TCIA10_449_1/Brats18_TCIA10_449_1_flair_normal.nii.gz,/DATA/BraTS2018/Data_gen/Brats18_TCIA10_449_1/Brats18_TCIA10_449_1_whole_tumor.nii.gz
/DATA/BraTS2018/MICCAI_BraTS_2018_Data_Training/LGG/Brats18_TCIA10_490_1,/DATA/BraTS2018/MICCAI_BraTS_2018_Data_Training/LGG/Brats18_TCIA10_490_1/Brats18_TCIA10_490_1_flair.nii.gz,/DATA/BraTS2018/Data_gen/Brats18_TCIA10_490_1/Brats18_TCIA10_490_1_flair_normal.nii.gz,/DATA/BraTS2018/Data_gen/Brats18_TCIA10_490_1/Brats18_TCIA10_490_1_whole_tumor.nii.gz
/DATA/BraTS2018/MICCAI_BraTS_2018_Data_Training/LGG/Brats18_TCIA10_625_1,/DATA/BraTS2018/MICCAI_BraTS_2018_Data_Training/LGG/Brats18_TCIA10_625_1/Brats18_TCIA10_625_1_flair.nii.gz,/DATA/BraTS2018/Data_gen/Brats18_TCIA10_625_1/Brats18_TCIA10_625_1_flair_normal.nii.gz,/DATA/BraTS2018/Data_gen/Brats18_TCIA10_625_1/Brats18_TCIA10_625_1_whole_tumor.nii.gz
/DATA/BraTS2018/MICCAI_BraTS_2018_Data_Training/LGG/Brats18_TCIA10_628_1,/DATA/BraTS2018/MICCAI_BraTS_2018_Data_Training/LGG/Brats18_TCIA10_628_1/Brats18_TCIA10_628_1_flair.nii.gz,/DATA/BraTS2018/Data_gen/Brats18_TCIA10_628_1/Brats18_TCIA10_628_1_flair_normal.nii.gz,/DATA/BraTS2018/Data_gen/Brats18_TCIA10_628_1/Brats18_TCIA10_628_1_whole_tumor.nii.gz
/DATA/BraTS2018/MICCAI_BraTS_2018_Data_Training/LGG/Brats18_TCIA10_632_1,/DATA/BraTS2018/MICCAI_BraTS_2018_Data_Training/LGG/Brats18_TCIA10_632_1/Brats18_TCIA10_632_1_flair.nii.gz,/DATA/BraTS2018/Data_gen/Brats18_TCIA10_632_1/Brats18_TCIA10_632_1_flair_normal.nii.gz,/DATA/BraTS2018/Data_gen/Brats18_TCIA10_632_1/Brats18_TCIA10_632_1_whole_tumor.nii.gz
/DATA/BraTS2018/MICCAI_BraTS_2018_Data_Training/LGG/Brats18_TCIA10_637_1,/DATA/BraTS2018/MICCAI_BraTS_2018_Data_Training/LGG/Brats18_TCIA10_637_1/Brats18_TCIA10_637_1_flair.nii.gz,/DATA/BraTS2018/Data_gen/Brats18_TCIA10_637_1/Brats18_TCIA10_637_1_flair_normal.nii.gz,/DATA/BraTS2018/Data_gen/Brats18_TCIA10_637_1/Brats18_TCIA10_637_1_whole_tumor.nii.gz
/DATA/BraTS2018/MICCAI_BraTS_2018_Data_Training/LGG/Brats18_TCIA10_639_1,/DATA/BraTS2018/MICCAI_BraTS_2018_Data_Training/LGG/Brats18_TCIA10_639_1/Brats18_TCIA10_639_1_flair.nii.gz,/DATA/BraTS2018/Data_gen/Brats18_TCIA10_639_1/Brats18_TCIA10_639_1_flair_normal.nii.gz,/DATA/BraTS2018/Data_gen/Brats18_TCIA10_639_1/Brats18_TCIA10_639_1_whole_tumor.nii.gz
/DATA/BraTS2018/MICCAI_BraTS_2018_Data_Training/LGG/Brats18_TCIA10_640_1,/DATA/BraTS2018/MICCAI_BraTS_2018_Data_Training/LGG/Brats18_TCIA10_640_1/Brats18_TCIA10_640_1_flair.nii.gz,/DATA/BraTS2018/Data_gen/Brats18_TCIA10_640_1/Brats18_TCIA10_640_1_flair_normal.nii.gz,/DATA/BraTS2018/Data_gen/Brats18_TCIA10_640_1/Brats18_TCIA10_640_1_whole_tumor.nii.gz
/DATA/BraTS2018/MICCAI_BraTS_2018_Data_Training/LGG/Brats18_TCIA12_101_1,/DATA/BraTS2018/MICCAI_BraTS_2018_Data_Training/LGG/Brats18_TCIA12_101_1/Brats18_TCIA12_101_1_flair.nii.gz,/DATA/BraTS2018/Data_gen/Brats18_TCIA12_101_1/Brats18_TCIA12_101_1_flair_normal.nii.gz,/DATA/BraTS2018/Data_gen/Brats18_TCIA12_101_1/Brats18_TCIA12_101_1_whole_tumor.nii.gz
/DATA/BraTS2018/MICCAI_BraTS_2018_Data_Training/LGG/Brats18_TCIA12_249_1,/DATA/BraTS2018/MICCAI_BraTS_2018_Data_Training/LGG/Brats18_TCIA12_249_1/Brats18_TCIA12_249_1_flair.nii.gz,/DATA/BraTS2018/Data_gen/Brats18_TCIA12_249_1/Brats18_TCIA12_249_1_flair_normal.nii.gz,/DATA/BraTS2018/Data_gen/Brats18_TCIA12_249_1/Brats18_TCIA12_249_1_whole_tumor.nii.gz
/DATA/BraTS2018/MICCAI_BraTS_2018_Data_Training/LGG/Brats18_TCIA12_298_1,/DATA/BraTS2018/MICCAI_BraTS_2018_Data_Training/LGG/Brats18_TCIA12_298_1/Brats18_TCIA12_298_1_flair.nii.gz,/DATA/BraTS2018/Data_gen/Brats18_TCIA12_298_1/Brats18_TCIA12_298_1_flair_normal.nii.gz,/DATA/BraTS2018/Data_gen/Brats18_TCIA12_298_1/Brats18_TCIA12_298_1_whole_tumor.nii.gz
/DATA/BraTS2018/MICCAI_BraTS_2018_Data_Training/LGG/Brats18_TCIA12_466_1,/DATA/BraTS2018/MICCAI_BraTS_2018_Data_Training/LGG/Brats18_TCIA12_466_1/Brats18_TCIA12_466_1_flair.nii.gz,/DATA/BraTS2018/Data_gen/Brats18_TCIA12_466_1/Brats18_TCIA12_466_1_flair_normal.nii.gz,/DATA/BraTS2018/Data_gen/Brats18_TCIA12_466_1/Brats18_TCIA12_466_1_whole_tumor.nii.gz
/DATA/BraTS2018/MICCAI_BraTS_2018_Data_Training/LGG/Brats18_TCIA12_480_1,/DATA/BraTS2018/MICCAI_BraTS_2018_Data_Training/LGG/Brats18_TCIA12_480_1/Brats18_TCIA12_480_1_flair.nii.gz,/DATA/BraTS2018/Data_gen/Brats18_TCIA12_480_1/Brats18_TCIA12_480_1_flair_normal.nii.gz,/DATA/BraTS2018/Data_gen/Brats18_TCIA12_480_1/Brats18_TCIA12_480_1_whole_tumor.nii.gz
/DATA/BraTS2018/MICCAI_BraTS_2018_Data_Training/LGG/Brats18_TCIA13_615_1,/DATA/BraTS2018/MICCAI_BraTS_2018_Data_Training/LGG/Brats18_TCIA13_615_1/Brats18_TCIA13_615_1_flair.nii.gz,/DATA/BraTS2018/Data_gen/Brats18_TCIA13_615_1/Brats18_TCIA13_615_1_flair_normal.nii.gz,/DATA/BraTS2018/Data_gen/Brats18_TCIA13_615_1/Brats18_TCIA13_615_1_whole_tumor.nii.gz
/DATA/BraTS2018/MICCAI_BraTS_2018_Data_Training/LGG/Brats18_TCIA13_618_1,/DATA/BraTS2018/MICCAI_BraTS_2018_Data_Training/LGG/Brats18_TCIA13_618_1/Brats18_TCIA13_618_1_flair.nii.gz,/DATA/BraTS2018/Data_gen/Brats18_TCIA13_618_1/Brats18_TCIA13_618_1_flair_normal.nii.gz,/DATA/BraTS2018/Data_gen/Brats18_TCIA13_618_1/Brats18_TCIA13_618_1_whole_tumor.nii.gz
/DATA/BraTS2018/MICCAI_BraTS_2018_Data_Training/LGG/Brats18_TCIA13_621_1,/DATA/BraTS2018/MICCAI_BraTS_2018_Data_Training/LGG/Brats18_TCIA13_621_1/Brats18_TCIA13_621_1_flair.nii.gz,/DATA/BraTS2018/Data_gen/Brats18_TCIA13_621_1/Brats18_TCIA13_621_1_flair_normal.nii.gz,/DATA/BraTS2018/Data_gen/Brats18_TCIA13_621_1/Brats18_TCIA13_621_1_whole_tumor.nii.gz
/DATA/BraTS2018/MICCAI_BraTS_2018_Data_Training/LGG/Brats18_TCIA13_624_1,/DATA/BraTS2018/MICCAI_BraTS_2018_Data_Training/LGG/Brats18_TCIA13_624_1/Brats18_TCIA13_624_1_flair.nii.gz,/DATA/BraTS2018/Data_gen/Brats18_TCIA13_624_1/Brats18_TCIA13_624_1_flair_normal.nii.gz,/DATA/BraTS2018/Data_gen/Brats18_TCIA13_624_1/Brats18_TCIA13_624_1_whole_tumor.nii.gz
/DATA/BraTS2018/MICCAI_BraTS_2018_Data_Training/LGG/Brats18_TCIA13_630_1,/DATA/BraTS2018/MICCAI_BraTS_2018_Data_Training/LGG/Brats18_TCIA13_630_1/Brats18_TCIA13_630_1_flair.nii.gz,/DATA/BraTS2018/Data_gen/Brats18_TCIA13_630_1/Brats18_TCIA13_630_1_flair_normal.nii.gz,/DATA/BraTS2018/Data_gen/Brats18_TCIA13_630_1/Brats18_TCIA13_630_1_whole_tumor.nii.gz
/DATA/BraTS2018/MICCAI_BraTS_2018_Data_Training/LGG/Brats18_TCIA13_633_1,/DATA/BraTS2018/MICCAI_BraTS_2018_Data_Training/LGG/Brats18_TCIA13_633_1/Brats18_TCIA13_633_1_flair.nii.gz,/DATA/BraTS2018/Data_gen/Brats18_TCIA13_633_1/Brats18_TCIA13_633_1_flair_normal.nii.gz,/DATA/BraTS2018/Data_gen/Brats18_TCIA13_633_1/Brats18_TCIA13_633_1_whole_tumor.nii.gz
/DATA/BraTS2018/MICCAI_BraTS_2018_Data_Training/LGG/Brats18_TCIA13_634_1,/DATA/BraTS2018/MICCAI_BraTS_2018_Data_Training/LGG/Brats18_TCIA13_634_1/Brats18_TCIA13_634_1_flair.nii.gz,/DATA/BraTS2018/Data_gen/Brats18_TCIA13_634_1/Brats18_TCIA13_634_1_flair_normal.nii.gz,/DATA/BraTS2018/Data_gen/Brats18_TCIA13_634_1/Brats18_TCIA13_634_1_whole_tumor.nii.gz
/DATA/BraTS2018/MICCAI_BraTS_2018_Data_Training/LGG/Brats18_TCIA13_645_1,/DATA/BraTS2018/MICCAI_BraTS_2018_Data_Training/LGG/Brats18_TCIA13_645_1/Brats18_TCIA13_645_1_flair.nii.gz,/DATA/BraTS2018/Data_gen/Brats18_TCIA13_645_1/Brats18_TCIA13_645_1_flair_normal.nii.gz,/DATA/BraTS2018/Data_gen/Brats18_TCIA13_645_1/Brats18_TCIA13_645_1_whole_tumor.nii.gz
/DATA/BraTS2018/MICCAI_BraTS_2018_Data_Training/LGG/Brats18_TCIA13_650_1,/DATA/BraTS2018/MICCAI_BraTS_2018_Data_Training/LGG/Brats18_TCIA13_650_1/Brats18_TCIA13_650_1_flair.nii.gz,/DATA/BraTS2018/Data_gen/Brats18_TCIA13_650_1/Brats18_TCIA13_650_1_flair_normal.nii.gz,/DATA/BraTS2018/Data_gen/Brats18_TCIA13_650_1/Brats18_TCIA13_650_1_whole_tumor.nii.gz
/DATA/BraTS2018/MICCAI_BraTS_2018_Data_Training/LGG/Brats18_TCIA13_653_1,/DATA/BraTS2018/MICCAI_BraTS_2018_Data_Training/LGG/Brats18_TCIA13_653_1/Brats18_TCIA13_653_1_flair.nii.gz,/DATA/BraTS2018/Data_gen/Brats18_TCIA13_653_1/Brats18_TCIA13_653_1_flair_normal.nii.gz,/DATA/BraTS2018/Data_gen/Brats18_TCIA13_653_1/Brats18_TCIA13_653_1_whole_tumor.nii.gz
/DATA/BraTS2018/MICCAI_BraTS_2018_Data_Training/LGG/Brats18_TCIA13_654_1,/DATA/BraTS2018/MICCAI_BraTS_2018_Data_Training/LGG/Brats18_TCIA13_654_1/Brats18_TCIA13_654_1_flair.nii.gz,/DATA/BraTS2018/Data_gen/Brats18_TCIA13_654_1/Brats18_TCIA13_654_1_flair_normal.nii.gz,/DATA/BraTS2018/Data_gen/Brats18_TCIA13_654_1/Brats18_TCIA13_654_1_whole_tumor.nii.gz
/DATA/BraTS2018/MICCAI_BraTS_2018_Data_Training/HGG/Brats18_2013_10_1,/DATA/BraTS2018/MICCAI_BraTS_2018_Data_Training/HGG/Brats18_2013_10_1/Brats18_2013_10_1_flair.nii.gz,/DATA/BraTS2018/Data_gen/Brats18_2013_10_1/Brats18_2013_10_1_flair_normal.nii.gz,/DATA/BraTS2018/Data_gen/Brats18_2013_10_1/Brats18_2013_10_1_whole_tumor.nii.gz
/DATA/BraTS2018/MICCAI_BraTS_2018_Data_Training/HGG/Brats18_2013_17_1,/DATA/BraTS2018/MICCAI_BraTS_2018_Data_Training/HGG/Brats18_2013_17_1/Brats18_2013_17_1_flair.nii.gz,/DATA/BraTS2018/Data_gen/Brats18_2013_17_1/Brats18_2013_17_1_flair_normal.nii.gz,/DATA/BraTS2018/Data_gen/Brats18_2013_17_1/Brats18_2013_17_1_whole_tumor.nii.gz
/DATA/BraTS2018/MICCAI_BraTS_2018_Data_Training/HGG/Brats18_2013_22_1,/DATA/BraTS2018/MICCAI_BraTS_2018_Data_Training/HGG/Brats18_2013_22_1/Brats18_2013_22_1_flair.nii.gz,/DATA/BraTS2018/Data_gen/Brats18_2013_22_1/Brats18_2013_22_1_flair_normal.nii.gz,/DATA/BraTS2018/Data_gen/Brats18_2013_22_1/Brats18_2013_22_1_whole_tumor.nii.gz
/DATA/BraTS2018/MICCAI_BraTS_2018_Data_Training/HGG/Brats18_2013_2_1,/DATA/BraTS2018/MICCAI_BraTS_2018_Data_Training/HGG/Brats18_2013_2_1/Brats18_2013_2_1_flair.nii.gz,/DATA/BraTS2018/Data_gen/Brats18_2013_2_1/Brats18_2013_2_1_flair_normal.nii.gz,/DATA/BraTS2018/Data_gen/Brats18_2013_2_1/Brats18_2013_2_1_whole_tumor.nii.gz
/DATA/BraTS2018/MICCAI_BraTS_2018_Data_Training/HGG/Brats18_CBICA_AAB_1,/DATA/BraTS2018/MICCAI_BraTS_2018_Data_Training/HGG/Brats18_CBICA_AAB_1/Brats18_CBICA_AAB_1_flair.nii.gz,/DATA/BraTS2018/Data_gen/Brats18_CBICA_AAB_1/Brats18_CBICA_AAB_1_flair_normal.nii.gz,/DATA/BraTS2018/Data_gen/Brats18_CBICA_AAB_1/Brats18_CBICA_AAB_1_whole_tumor.nii.gz
/DATA/BraTS2018/MICCAI_BraTS_2018_Data_Training/HGG/Brats18_CBICA_ABE_1,/DATA/BraTS2018/MICCAI_BraTS_2018_Data_Training/HGG/Brats18_CBICA_ABE_1/Brats18_CBICA_ABE_1_flair.nii.gz,/DATA/BraTS2018/Data_gen/Brats18_CBICA_ABE_1/Brats18_CBICA_ABE_1_flair_normal.nii.gz,/DATA/BraTS2018/Data_gen/Brats18_CBICA_ABE_1/Brats18_CBICA_ABE_1_whole_tumor.nii.gz
/DATA/BraTS2018/MICCAI_BraTS_2018_Data_Training/HGG/Brats18_CBICA_ALN_1,/DATA/BraTS2018/MICCAI_BraTS_2018_Data_Training/HGG/Brats18_CBICA_ALN_1/Brats18_CBICA_ALN_1_flair.nii.gz,/DATA/BraTS2018/Data_gen/Brats18_CBICA_ALN_1/Brats18_CBICA_ALN_1_flair_normal.nii.gz,/DATA/BraTS2018/Data_gen/Brats18_CBICA_ALN_1/Brats18_CBICA_ALN_1_whole_tumor.nii.gz
/DATA/BraTS2018/MICCAI_BraTS_2018_Data_Training/HGG/Brats18_CBICA_ANG_1,/DATA/BraTS2018/MICCAI_BraTS_2018_Data_Training/HGG/Brats18_CBICA_ANG_1/Brats18_CBICA_ANG_1_flair.nii.gz,/DATA/BraTS2018/Data_gen/Brats18_CBICA_ANG_1/Brats18_CBICA_ANG_1_flair_normal.nii.gz,/DATA/BraTS2018/Data_gen/Brats18_CBICA_ANG_1/Brats18_CBICA_ANG_1_whole_tumor.nii.gz
/DATA/BraTS2018/MICCAI_BraTS_2018_Data_Training/HGG/Brats18_CBICA_AOH_1,/DATA/BraTS2018/MICCAI_BraTS_2018_Data_Training/HGG/Brats18_CBICA_AOH_1/Brats18_CBICA_AOH_1_flair.nii.gz,/DATA/BraTS2018/Data_gen/Brats18_CBICA_AOH_1/Brats18_CBICA_AOH_1_flair_normal.nii.gz,/DATA/BraTS2018/Data_gen/Brats18_CBICA_AOH_1/Brats18_CBICA_AOH_1_whole_tumor.nii.gz
/DATA/BraTS2018/MICCAI_BraTS_2018_Data_Training/HGG/Brats18_CBICA_APY_1,/DATA/BraTS2018/MICCAI_BraTS_2018_Data_Training/HGG/Brats18_CBICA_APY_1/Brats18_CBICA_APY_1_flair.nii.gz,/DATA/BraTS2018/Data_gen/Brats18_CBICA_APY_1/Brats18_CBICA_APY_1_flair_normal.nii.gz,/DATA/BraTS2018/Data_gen/Brats18_CBICA_APY_1/Brats18_CBICA_APY_1_whole_tumor.nii.gz
/DATA/BraTS2018/MICCAI_BraTS_2018_Data_Training/HGG/Brats18_CBICA_AQJ_1,/DATA/BraTS2018/MICCAI_BraTS_2018_Data_Training/HGG/Brats18_CBICA_AQJ_1/Brats18_CBICA_AQJ_1_flair.nii.gz,/DATA/BraTS2018/Data_gen/Brats18_CBICA_AQJ_1/Brats18_CBICA_AQJ_1_flair_normal.nii.gz,/DATA/BraTS2018/Data_gen/Brats18_CBICA_AQJ_1/Brats18_CBICA_AQJ_1_whole_tumor.nii.gz
/DATA/BraTS2018/MICCAI_BraTS_2018_Data_Training/HGG/Brats18_CBICA_AQR_1,/DATA/BraTS2018/MICCAI_BraTS_2018_Data_Training/HGG/Brats18_CBICA_AQR_1/Brats18_CBICA_AQR_1_flair.nii.gz,/DATA/BraTS2018/Data_gen/Brats18_CBICA_AQR_1/Brats18_CBICA_AQR_1_flair_normal.nii.gz,/DATA/BraTS2018/Data_gen/Brats18_CBICA_AQR_1/Brats18_CBICA_AQR_1_whole_tumor.nii.gz
/DATA/BraTS2018/MICCAI_BraTS_2018_Data_Training/HGG/Brats18_CBICA_AQZ_1,/DATA/BraTS2018/MICCAI_BraTS_2018_Data_Training/HGG/Brats18_CBICA_AQZ_1/Brats18_CBICA_AQZ_1_flair.nii.gz,/DATA/BraTS2018/Data_gen/Brats18_CBICA_AQZ_1/Brats18_CBICA_AQZ_1_flair_normal.nii.gz,/DATA/BraTS2018/Data_gen/Brats18_CBICA_AQZ_1/Brats18_CBICA_AQZ_1_whole_tumor.nii.gz
/DATA/BraTS2018/MICCAI_BraTS_2018_Data_Training/HGG/Brats18_CBICA_ASE_1,/DATA/BraTS2018/MICCAI_BraTS_2018_Data_Training/HGG/Brats18_CBICA_ASE_1/Brats18_CBICA_ASE_1_flair.nii.gz,/DATA/BraTS2018/Data_gen/Brats18_CBICA_ASE_1/Brats18_CBICA_ASE_1_flair_normal.nii.gz,/DATA/BraTS2018/Data_gen/Brats18_CBICA_ASE_1/Brats18_CBICA_ASE_1_whole_tumor.nii.gz
/DATA/BraTS2018/MICCAI_BraTS_2018_Data_Training/HGG/Brats18_CBICA_ASO_1,/DATA/BraTS2018/MICCAI_BraTS_2018_Data_Training/HGG/Brats18_CBICA_ASO_1/Brats18_CBICA_ASO_1_flair.nii.gz,/DATA/BraTS2018/Data_gen/Brats18_CBICA_ASO_1/Brats18_CBICA_ASO_1_flair_normal.nii.gz,/DATA/BraTS2018/Data_gen/Brats18_CBICA_ASO_1/Brats18_CBICA_ASO_1_whole_tumor.nii.gz
/DATA/BraTS2018/MICCAI_BraTS_2018_Data_Training/HGG/Brats18_CBICA_ATB_1,/DATA/BraTS2018/MICCAI_BraTS_2018_Data_Training/HGG/Brats18_CBICA_ATB_1/Brats18_CBICA_ATB_1_flair.nii.gz,/DATA/BraTS2018/Data_gen/Brats18_CBICA_ATB_1/Brats18_CBICA_ATB_1_flair_normal.nii.gz,/DATA/BraTS2018/Data_gen/Brats18_CBICA_ATB_1/Brats18_CBICA_ATB_1_whole_tumor.nii.gz
/DATA/BraTS2018/MICCAI_BraTS_2018_Data_Training/HGG/Brats18_CBICA_ATX_1,/DATA/BraTS2018/MICCAI_BraTS_2018_Data_Training/HGG/Brats18_CBICA_ATX_1/Brats18_CBICA_ATX_1_flair.nii.gz,/DATA/BraTS2018/Data_gen/Brats18_CBICA_ATX_1/Brats18_CBICA_ATX_1_flair_normal.nii.gz,/DATA/BraTS2018/Data_gen/Brats18_CBICA_ATX_1/Brats18_CBICA_ATX_1_whole_tumor.nii.gz
/DATA/BraTS2018/MICCAI_BraTS_2018_Data_Training/HGG/Brats18_CBICA_AVJ_1,/DATA/BraTS2018/MICCAI_BraTS_2018_Data_Training/HGG/Brats18_CBICA_AVJ_1/Brats18_CBICA_AVJ_1_flair.nii.gz,/DATA/BraTS2018/Data_gen/Brats18_CBICA_AVJ_1/Brats18_CBICA_AVJ_1_flair_normal.nii.gz,/DATA/BraTS2018/Data_gen/Brats18_CBICA_AVJ_1/Brats18_CBICA_AVJ_1_whole_tumor.nii.gz
/DATA/BraTS2018/MICCAI_BraTS_2018_Data_Training/HGG/Brats18_CBICA_AXJ_1,/DATA/BraTS2018/MICCAI_BraTS_2018_Data_Training/HGG/Brats18_CBICA_AXJ_1/Brats18_CBICA_AXJ_1_flair.nii.gz,/DATA/BraTS2018/Data_gen/Brats18_CBICA_AXJ_1/Brats18_CBICA_AXJ_1_flair_normal.nii.gz,/DATA/BraTS2018/Data_gen/Brats18_CBICA_AXJ_1/Brats18_CBICA_AXJ_1_whole_tumor.nii.gz
/DATA/BraTS2018/MICCAI_BraTS_2018_Data_Training/HGG/Brats18_CBICA_AXQ_1,/DATA/BraTS2018/MICCAI_BraTS_2018_Data_Training/HGG/Brats18_CBICA_AXQ_1/Brats18_CBICA_AXQ_1_flair.nii.gz,/DATA/BraTS2018/Data_gen/Brats18_CBICA_AXQ_1/Brats18_CBICA_AXQ_1_flair_normal.nii.gz,/DATA/BraTS2018/Data_gen/Brats18_CBICA_AXQ_1/Brats18_CBICA_AXQ_1_whole_tumor.nii.gz
/DATA/BraTS2018/MICCAI_BraTS_2018_Data_Training/HGG/Brats18_CBICA_AYW_1,/DATA/BraTS2018/MICCAI_BraTS_2018_Data_Training/HGG/Brats18_CBICA_AYW_1/Brats18_CBICA_AYW_1_flair.nii.gz,/DATA/BraTS2018/Data_gen/Brats18_CBICA_AYW_1/Brats18_CBICA_AYW_1_flair_normal.nii.gz,/DATA/BraTS2018/Data_gen/Brats18_CBICA_AYW_1/Brats18_CBICA_AYW_1_whole_tumor.nii.gz
/DATA/BraTS2018/MICCAI_BraTS_2018_Data_Training/HGG/Brats18_CBICA_BHB_1,/DATA/BraTS2018/MICCAI_BraTS_2018_Data_Training/HGG/Brats18_CBICA_BHB_1/Brats18_CBICA_BHB_1_flair.nii.gz,/DATA/BraTS2018/Data_gen/Brats18_CBICA_BHB_1/Brats18_CBICA_BHB_1_flair_normal.nii.gz,/DATA/BraTS2018/Data_gen/Brats18_CBICA_BHB_1/Brats18_CBICA_BHB_1_whole_tumor.nii.gz
/DATA/BraTS2018/MICCAI_BraTS_2018_Data_Training/HGG/Brats18_TCIA01_150_1,/DATA/BraTS2018/MICCAI_BraTS_2018_Data_Training/HGG/Brats18_TCIA01_150_1/Brats18_TCIA01_150_1_flair.nii.gz,/DATA/BraTS2018/Data_gen/Brats18_TCIA01_150_1/Brats18_TCIA01_150_1_flair_normal.nii.gz,/DATA/BraTS2018/Data_gen/Brats18_TCIA01_150_1/Brats18_TCIA01_150_1_whole_tumor.nii.gz
/DATA/BraTS2018/MICCAI_BraTS_2018_Data_Training/HGG/Brats18_TCIA01_203_1,/DATA/BraTS2018/MICCAI_BraTS_2018_Data_Training/HGG/Brats18_TCIA01_203_1/Brats18_TCIA01_203_1_flair.nii.gz,/DATA/BraTS2018/Data_gen/Brats18_TCIA01_203_1/Brats18_TCIA01_203_1_flair_normal.nii.gz,/DATA/BraTS2018/Data_gen/Brats18_TCIA01_203_1/Brats18_TCIA01_203_1_whole_tumor.nii.gz
/DATA/BraTS2018/MICCAI_BraTS_2018_Data_Training/HGG/Brats18_TCIA01_378_1,/DATA/BraTS2018/MICCAI_BraTS_2018_Data_Training/HGG/Brats18_TCIA01_378_1/Brats18_TCIA01_378_1_flair.nii.gz,/DATA/BraTS2018/Data_gen/Brats18_TCIA01_378_1/Brats18_TCIA01_378_1_flair_normal.nii.gz,/DATA/BraTS2018/Data_gen/Brats18_TCIA01_378_1/Brats18_TCIA01_378_1_whole_tumor.nii.gz
/DATA/BraTS2018/MICCAI_BraTS_2018_Data_Training/HGG/Brats18_TCIA01_425_1,/DATA/BraTS2018/MICCAI_BraTS_2018_Data_Training/HGG/Brats18_TCIA01_425_1/Brats18_TCIA01_425_1_flair.nii.gz,/DATA/BraTS2018/Data_gen/Brats18_TCIA01_425_1/Brats18_TCIA01_425_1_flair_normal.nii.gz,/DATA/BraTS2018/Data_gen/Brats18_TCIA01_425_1/Brats18_TCIA01_425_1_whole_tumor.nii.gz
/DATA/BraTS2018/MICCAI_BraTS_2018_Data_Training/HGG/Brats18_TCIA02_117_1,/DATA/BraTS2018/MICCAI_BraTS_2018_Data_Training/HGG/Brats18_TCIA02_117_1/Brats18_TCIA02_117_1_flair.nii.gz,/DATA/BraTS2018/Data_gen/Brats18_TCIA02_117_1/Brats18_TCIA02_117_1_flair_normal.nii.gz,/DATA/BraTS2018/Data_gen/Brats18_TCIA02_117_1/Brats18_TCIA02_117_1_whole_tumor.nii.gz
/DATA/BraTS2018/MICCAI_BraTS_2018_Data_Training/HGG/Brats18_TCIA02_171_1,/DATA/BraTS2018/MICCAI_BraTS_2018_Data_Training/HGG/Brats18_TCIA02_171_1/Brats18_TCIA02_171_1_flair.nii.gz,/DATA/BraTS2018/Data_gen/Brats18_TCIA02_171_1/Brats18_TCIA02_171_1_flair_normal.nii.gz,/DATA/BraTS2018/Data_gen/Brats18_TCIA02_171_1/Brats18_TCIA02_171_1_whole_tumor.nii.gz
/DATA/BraTS2018/MICCAI_BraTS_2018_Data_Training/HGG/Brats18_TCIA02_226_1,/DATA/BraTS2018/MICCAI_BraTS_2018_Data_Training/HGG/Brats18_TCIA02_226_1/Brats18_TCIA02_226_1_flair.nii.gz,/DATA/BraTS2018/Data_gen/Brats18_TCIA02_226_1/Brats18_TCIA02_226_1_flair_normal.nii.gz,/DATA/BraTS2018/Data_gen/Brats18_TCIA02_226_1/Brats18_TCIA02_226_1_whole_tumor.nii.gz
/DATA/BraTS2018/MICCAI_BraTS_2018_Data_Training/HGG/Brats18_TCIA02_309_1,/DATA/BraTS2018/MICCAI_BraTS_2018_Data_Training/HGG/Brats18_TCIA02_309_1/Brats18_TCIA02_309_1_flair.nii.gz,/DATA/BraTS2018/Data_gen/Brats18_TCIA02_309_1/Brats18_TCIA02_309_1_flair_normal.nii.gz,/DATA/BraTS2018/Data_gen/Brats18_TCIA02_309_1/Brats18_TCIA02_309_1_whole_tumor.nii.gz
/DATA/BraTS2018/MICCAI_BraTS_2018_Data_Training/HGG/Brats18_TCIA02_368_1,/DATA/BraTS2018/MICCAI_BraTS_2018_Data_Training/HGG/Brats18_TCIA02_368_1/Brats18_TCIA02_368_1_flair.nii.gz,/DATA/BraTS2018/Data_gen/Brats18_TCIA02_368_1/Brats18_TCIA02_368_1_flair_normal.nii.gz,/DATA/BraTS2018/Data_gen/Brats18_TCIA02_368_1/Brats18_TCIA02_368_1_whole_tumor.nii.gz
/DATA/BraTS2018/MICCAI_BraTS_2018_Data_Training/HGG/Brats18_TCIA02_430_1,/DATA/BraTS2018/MICCAI_BraTS_2018_Data_Training/HGG/Brats18_TCIA02_430_1/Brats18_TCIA02_430_1_flair.nii.gz,/DATA/BraTS2018/Data_gen/Brats18_TCIA02_430_1/Brats18_TCIA02_430_1_flair_normal.nii.gz,/DATA/BraTS2018/Data_gen/Brats18_TCIA02_430_1/Brats18_TCIA02_430_1_whole_tumor.nii.gz
/DATA/BraTS2018/MICCAI_BraTS_2018_Data_Training/HGG/Brats18_TCIA02_605_1,/DATA/BraTS2018/MICCAI_BraTS_2018_Data_Training/HGG/Brats18_TCIA02_605_1/Brats18_TCIA02_605_1_flair.nii.gz,/DATA/BraTS2018/Data_gen/Brats18_TCIA02_605_1/Brats18_TCIA02_605_1_flair_normal.nii.gz,/DATA/BraTS2018/Data_gen/Brats18_TCIA02_605_1/Brats18_TCIA02_605_1_whole_tumor.nii.gz
/DATA/BraTS2018/MICCAI_BraTS_2018_Data_Training/HGG/Brats18_TCIA03_133_1,/DATA/BraTS2018/MICCAI_BraTS_2018_Data_Training/HGG/Brats18_TCIA03_133_1/Brats18_TCIA03_133_1_flair.nii.gz,/DATA/BraTS2018/Data_gen/Brats18_TCIA03_133_1/Brats18_TCIA03_133_1_flair_normal.nii.gz,/DATA/BraTS2018/Data_gen/Brats18_TCIA03_133_1/Brats18_TCIA03_133_1_whole_tumor.nii.gz
/DATA/BraTS2018/MICCAI_BraTS_2018_Data_Training/HGG/Brats18_TCIA03_296_1,/DATA/BraTS2018/MICCAI_BraTS_2018_Data_Training/HGG/Brats18_TCIA03_296_1/Brats18_TCIA03_296_1_flair.nii.gz,/DATA/BraTS2018/Data_gen/Brats18_TCIA03_296_1/Brats18_TCIA03_296_1_flair_normal.nii.gz,/DATA/BraTS2018/Data_gen/Brats18_TCIA03_296_1/Brats18_TCIA03_296_1_whole_tumor.nii.gz
/DATA/BraTS2018/MICCAI_BraTS_2018_Data_Training/HGG/Brats18_TCIA03_498_1,/DATA/BraTS2018/MICCAI_BraTS_2018_Data_Training/HGG/Brats18_TCIA03_498_1/Brats18_TCIA03_498_1_flair.nii.gz,/DATA/BraTS2018/Data_gen/Brats18_TCIA03_498_1/Brats18_TCIA03_498_1_flair_normal.nii.gz,/DATA/BraTS2018/Data_gen/Brats18_TCIA03_498_1/Brats18_TCIA03_498_1_whole_tumor.nii.gz
/DATA/BraTS2018/MICCAI_BraTS_2018_Data_Training/HGG/Brats18_TCIA04_343_1,/DATA/BraTS2018/MICCAI_BraTS_2018_Data_Training/HGG/Brats18_TCIA04_343_1/Brats18_TCIA04_343_1_flair.nii.gz,/DATA/BraTS2018/Data_gen/Brats18_TCIA04_343_1/Brats18_TCIA04_343_1_flair_normal.nii.gz,/DATA/BraTS2018/Data_gen/Brats18_TCIA04_343_1/Brats18_TCIA04_343_1_whole_tumor.nii.gz
/DATA/BraTS2018/MICCAI_BraTS_2018_Data_Training/HGG/Brats18_TCIA05_396_1,/DATA/BraTS2018/MICCAI_BraTS_2018_Data_Training/HGG/Brats18_TCIA05_396_1/Brats18_TCIA05_396_1_flair.nii.gz,/DATA/BraTS2018/Data_gen/Brats18_TCIA05_396_1/Brats18_TCIA05_396_1_flair_normal.nii.gz,/DATA/BraTS2018/Data_gen/Brats18_TCIA05_396_1/Brats18_TCIA05_396_1_whole_tumor.nii.gz
/DATA/BraTS2018/MICCAI_BraTS_2018_Data_Training/HGG/Brats18_TCIA06_211_1,/DATA/BraTS2018/MICCAI_BraTS_2018_Data_Training/HGG/Brats18_TCIA06_211_1/Brats18_TCIA06_211_1_flair.nii.gz,/DATA/BraTS2018/Data_gen/Brats18_TCIA06_211_1/Brats18_TCIA06_211_1_flair_normal.nii.gz,/DATA/BraTS2018/Data_gen/Brats18_TCIA06_211_1/Brats18_TCIA06_211_1_whole_tumor.nii.gz
/DATA/BraTS2018/MICCAI_BraTS_2018_Data_Training/HGG/Brats18_TCIA06_603_1,/DATA/BraTS2018/MICCAI_BraTS_2018_Data_Training/HGG/Brats18_TCIA06_603_1/Brats18_TCIA06_603_1_flair.nii.gz,/DATA/BraTS2018/Data_gen/Brats18_TCIA06_603_1/Brats18_TCIA06_603_1_flair_normal.nii.gz,/DATA/BraTS2018/Data_gen/Brats18_TCIA06_603_1/Brats18_TCIA06_603_1_whole_tumor.nii.gz
/DATA/BraTS2018/MICCAI_BraTS_2018_Data_Training/HGG/Brats18_TCIA08_205_1,/DATA/BraTS2018/MICCAI_BraTS_2018_Data_Training/HGG/Brats18_TCIA08_205_1/Brats18_TCIA08_205_1_flair.nii.gz,/DATA/BraTS2018/Data_gen/Brats18_TCIA08_205_1/Brats18_TCIA08_205_1_flair_normal.nii.gz,/DATA/BraTS2018/Data_gen/Brats18_TCIA08_205_1/Brats18_TCIA08_205_1_whole_tumor.nii.gz
/DATA/BraTS2018/MICCAI_BraTS_2018_Data_Training/HGG/Brats18_TCIA08_280_1,/DATA/BraTS2018/MICCAI_BraTS_2018_Data_Training/HGG/Brats18_TCIA08_280_1/Brats18_TCIA08_280_1_flair.nii.gz,/DATA/BraTS2018/Data_gen/Brats18_TCIA08_280_1/Brats18_TCIA08_280_1_flair_normal.nii.gz,/DATA/BraTS2018/Data_gen/Brats18_TCIA08_280_1/Brats18_TCIA08_280_1_whole_tumor.nii.gz
/DATA/BraTS2018/MICCAI_BraTS_2018_Data_Training/LGG/Brats18_2013_0_1,/DATA/BraTS2018/MICCAI_BraTS_2018_Data_Training/LGG/Brats18_2013_0_1/Brats18_2013_0_1_flair.nii.gz,/DATA/BraTS2018/Data_gen/Brats18_2013_0_1/Brats18_2013_0_1_flair_normal.nii.gz,/DATA/BraTS2018/Data_gen/Brats18_2013_0_1/Brats18_2013_0_1_whole_tumor.nii.gz
/DATA/BraTS2018/MICCAI_BraTS_2018_Data_Training/LGG/Brats18_2013_28_1,/DATA/BraTS2018/MICCAI_BraTS_2018_Data_Training/LGG/Brats18_2013_28_1/Brats18_2013_28_1_flair.nii.gz,/DATA/BraTS2018/Data_gen/Brats18_2013_28_1/Brats18_2013_28_1_flair_normal.nii.gz,/DATA/BraTS2018/Data_gen/Brats18_2013_28_1/Brats18_2013_28_1_whole_tumor.nii.gz
/DATA/BraTS2018/MICCAI_BraTS_2018_Data_Training/LGG/Brats18_TCIA09_141_1,/DATA/BraTS2018/MICCAI_BraTS_2018_Data_Training/LGG/Brats18_TCIA09_141_1/Brats18_TCIA09_141_1_flair.nii.gz,/DATA/BraTS2018/Data_gen/Brats18_TCIA09_141_1/Brats18_TCIA09_141_1_flair_normal.nii.gz,/DATA/BraTS2018/Data_gen/Brats18_TCIA09_141_1/Brats18_TCIA09_141_1_whole_tumor.nii.gz
/DATA/BraTS2018/MICCAI_BraTS_2018_Data_Training/LGG/Brats18_TCIA09_402_1,/DATA/BraTS2018/MICCAI_BraTS_2018_Data_Training/LGG/Brats18_TCIA09_402_1/Brats18_TCIA09_402_1_flair.nii.gz,/DATA/BraTS2018/Data_gen/Brats18_TCIA09_402_1/Brats18_TCIA09_402_1_flair_normal.nii.gz,/DATA/BraTS2018/Data_gen/Brats18_TCIA09_402_1/Brats18_TCIA09_402_1_whole_tumor.nii.gz
/DATA/BraTS2018/MICCAI_BraTS_2018_Data_Training/LGG/Brats18_TCIA09_620_1,/DATA/BraTS2018/MICCAI_BraTS_2018_Data_Training/LGG/Brats18_TCIA09_620_1/Brats18_TCIA09_620_1_flair.nii.gz,/DATA/BraTS2018/Data_gen/Brats18_TCIA09_620_1/Brats18_TCIA09_620_1_flair_normal.nii.gz,/DATA/BraTS2018/Data_gen/Brats18_TCIA09_620_1/Brats18_TCIA09_620_1_whole_tumor.nii.gz
/DATA/BraTS2018/MICCAI_BraTS_2018_Data_Training/LGG/Brats18_TCIA10_175_1,/DATA/BraTS2018/MICCAI_BraTS_2018_Data_Training/LGG/Brats18_TCIA10_175_1/Brats18_TCIA10_175_1_flair.nii.gz,/DATA/BraTS2018/Data_gen/Brats18_TCIA10_175_1/Brats18_TCIA10_175_1_flair_normal.nii.gz,/DATA/BraTS2018/Data_gen/Brats18_TCIA10_175_1/Brats18_TCIA10_175_1_whole_tumor.nii.gz
/DATA/BraTS2018/MICCAI_BraTS_2018_Data_Training/LGG/Brats18_TCIA10_276_1,/DATA/BraTS2018/MICCAI_BraTS_2018_Data_Training/LGG/Brats18_TCIA10_276_1/Brats18_TCIA10_276_1_flair.nii.gz,/DATA/BraTS2018/Data_gen/Brats18_TCIA10_276_1/Brats18_TCIA10_276_1_flair_normal.nii.gz,/DATA/BraTS2018/Data_gen/Brats18_TCIA10_276_1/Brats18_TCIA10_276_1_whole_tumor.nii.gz
/DATA/BraTS2018/MICCAI_BraTS_2018_Data_Training/LGG/Brats18_TCIA10_325_1,/DATA/BraTS2018/MICCAI_BraTS_2018_Data_Training/LGG/Brats18_TCIA10_325_1/Brats18_TCIA10_325_1_flair.nii.gz,/DATA/BraTS2018/Data_gen/Brats18_TCIA10_325_1/Brats18_TCIA10_325_1_flair_normal.nii.gz,/DATA/BraTS2018/Data_gen/Brats18_TCIA10_325_1/Brats18_TCIA10_325_1_whole_tumor.nii.gz
/DATA/BraTS2018/MICCAI_BraTS_2018_Data_Training/LGG/Brats18_TCIA10_393_1,/DATA/BraTS2018/MICCAI_BraTS_2018_Data_Training/LGG/Brats18_TCIA10_393_1/Brats18_TCIA10_393_1_flair.nii.gz,/DATA/BraTS2018/Data_gen/Brats18_TCIA10_393_1/Brats18_TCIA10_393_1_flair_normal.nii.gz,/DATA/BraTS2018/Data_gen/Brats18_TCIA10_393_1/Brats18_TCIA10_393_1_whole_tumor.nii.gz
/DATA/BraTS2018/MICCAI_BraTS_2018_Data_Training/LGG/Brats18_TCIA10_442_1,/DATA/BraTS2018/MICCAI_BraTS_2018_Data_Training/LGG/Brats18_TCIA10_442_1/Brats18_TCIA10_442_1_flair.nii.gz,/DATA/BraTS2018/Data_gen/Brats18_TCIA10_442_1/Brats18_TCIA10_442_1_flair_normal.nii.gz,/DATA/BraTS2018/Data_gen/Brats18_TCIA10_442_1/Brats18_TCIA10_442_1_whole_tumor.nii.gz
/DATA/BraTS2018/MICCAI_BraTS_2018_Data_Training/LGG/Brats18_TCIA10_629_1,/DATA/BraTS2018/MICCAI_BraTS_2018_Data_Training/LGG/Brats18_TCIA10_629_1/Brats18_TCIA10_629_1_flair.nii.gz,/DATA/BraTS2018/Data_gen/Brats18_TCIA10_629_1/Brats18_TCIA10_629_1_flair_normal.nii.gz,/DATA/BraTS2018/Data_gen/Brats18_TCIA10_629_1/Brats18_TCIA10_629_1_whole_tumor.nii.gz
/DATA/BraTS2018/MICCAI_BraTS_2018_Data_Training/LGG/Brats18_TCIA10_644_1,/DATA/BraTS2018/MICCAI_BraTS_2018_Data_Training/LGG/Brats18_TCIA10_644_1/Brats18_TCIA10_644_1_flair.nii.gz,/DATA/BraTS2018/Data_gen/Brats18_TCIA10_644_1/Brats18_TCIA10_644_1_flair_normal.nii.gz,/DATA/BraTS2018/Data_gen/Brats18_TCIA10_644_1/Brats18_TCIA10_644_1_whole_tumor.nii.gz
/DATA/BraTS2018/MICCAI_BraTS_2018_Data_Training/LGG/Brats18_TCIA12_470_1,/DATA/BraTS2018/MICCAI_BraTS_2018_Data_Training/LGG/Brats18_TCIA12_470_1/Brats18_TCIA12_470_1_flair.nii.gz,/DATA/BraTS2018/Data_gen/Brats18_TCIA12_470_1/Brats18_TCIA12_470_1_flair_normal.nii.gz,/DATA/BraTS2018/Data_gen/Brats18_TCIA12_470_1/Brats18_TCIA12_470_1_whole_tumor.nii.gz
/DATA/BraTS2018/MICCAI_BraTS_2018_Data_Training/LGG/Brats18_TCIA13_623_1,/DATA/BraTS2018/MICCAI_BraTS_2018_Data_Training/LGG/Brats18_TCIA13_623_1/Brats18_TCIA13_623_1_flair.nii.gz,/DATA/BraTS2018/Data_gen/Brats18_TCIA13_623_1/Brats18_TCIA13_623_1_flair_normal.nii.gz,/DATA/BraTS2018/Data_gen/Brats18_TCIA13_623_1/Brats18_TCIA13_623_1_whole_tumor.nii.gz
/DATA/BraTS2018/MICCAI_BraTS_2018_Data_Training/LGG/Brats18_TCIA13_642_1,/DATA/BraTS2018/MICCAI_BraTS_2018_Data_Training/LGG/Brats18_TCIA13_642_1/Brats18_TCIA13_642_1_flair.nii.gz,/DATA/BraTS2018/Data_gen/Brats18_TCIA13_642_1/Brats18_TCIA13_642_1_flair_normal.nii.gz,/DATA/BraTS2018/Data_gen/Brats18_TCIA13_642_1/Brats18_TCIA13_642_1_whole_tumor.nii.gz
